職業	事件名稱	事件內容	屬性	等級	影響
學院	深夜的研究突破·第1條線索	在深夜迎來重大突破。你的付出得到了周遭的一致推崇，讓你在這條道路上更有信心，鋪設了極高的起點。	"財富:中性,快樂:中性,名譽:正向"	普通	"0,0,1"
學院	跨越世代的教授對談·第2條線索	獲得了跨越世代的忘年交與高人指點。對方主動分享珍貴經驗，願意在關鍵時刻成為你的職涯引路人。	"財富:正向,快樂:中性,名譽:中性"	普通	"23,0,0"
學院	來自學生的溫馨謝意·第3條線索	迎來了溫馨的小心意。周圍人自發送來感謝與卡片，證明你的堅守與付出真正溫暖並改變了他人的人生。	"財富:正向,快樂:中性,名譽:中性"	普通	"22,0,0"
學院	在圖書館的隱藏發現·第4條線索	在古老檔案或廢棄角落裡，意外發現了隱藏的秘密。這項發現有可能填補行業空白，甚至改寫部分歷史。	"財富:正向,快樂:中性,名譽:中性"	普通	"18,0,0"
學院	關於論文的靈魂共鳴·第5條線索	發起的交流沙龍吸引了各界精英加入，一場思想的激烈碰撞與交鋒，讓所有人都有了相見恨晚的共?。	"財富:中性,快樂:中性,名譽:正向"	普通	"0,0,1"
學院	核心論文獲頂級認證·第6條線索	核心成果終於被行業內最頂級的機構無條件接受，你打開通知的那一刻，多日來的疲憊全部煙消雲散。	"財富:中性,快樂:中性,名譽:正向"	普通	"0,0,2"
學院	拿到海外研究資助·第7條線索	成功申請到了著名的海外交流或資助計畫，不僅能全額報銷差旅費，還能前往夢寐以求的聖地進修。	"財富:正向,快樂:中性,名譽:中性"	普通	"15,0,0"
學院	公開思辨大會座無虛席·第8條線索	一場公開演說或產品發布會座無虛席，甚至連走廊都擠滿了慕名而來的聽眾，結束後全場起立掌聲雷動。	"財富:正向,快樂:中性,名譽:中性"	普通	"21,0,0"
學院	成功破譯論文瓶頸·第9條線索	在連續不吃不睡的極限拼搏後，你終於成功解開了困擾眾人長達半個世紀的致命瓶頸，令人刮目相看。	"財富:正向,快樂:中性,名譽:中性"	普通	"15,0,0"
學院	指導的學生斬獲大獎·第10條線索	你長年悉心指導的得意門生或團隊成員斬獲行業大獎，他們在領獎時透過鏡頭特別公開感謝你的啟蒙。	"財富:中性,快樂:中性,名譽:正向"	普通	"0,0,1"
學院	受邀參加教授的私人夜宴·第11條線索	在深夜迎來重大突破。你的付出得到了周遭的一致推崇，讓你在這條道路上更有信心，鋪設了極高的起點。	"財富:中性,快樂:中性,名譽:正向"	普通	"0,0,2"
學院	匿名校友的論文基金饋贈·第12條線索	獲得了跨越世代的忘年交與高人指點。對方主動分享珍貴經驗，願意在關鍵時刻成為你的職涯引路人。	"財富:正向,快樂:中性,名譽:中性"	普通	"29,0,0"
學院	因破譯技術破紀錄被引用·第13條線索	迎來了溫馨的小心意。周圍人自發送來感謝與卡片，證明你的堅守與付出真正溫暖並改變了他人的人生。	"財富:中性,快樂:中性,名譽:正向"	普通	"0,0,2"
學院	在舊市集淘到絕版論文·第14條線索	在古老檔案或廢棄角落裡，意外發現了隱藏的秘密。這項發現有可能填補行業空白，甚至改寫部分歷史。	"財富:正向,快樂:中性,名譽:中性"	普通	"20,0,0"
學院	跨領域的思辨靈感碰撞·第15條線索	發起的交流沙龍吸引了各界精英加入，一場思想的激烈碰撞與交鋒，讓所有人都有了相見恨晚的共?。	"財富:中性,快樂:中性,名譽:正向"	普通	"0,0,2"
學院	深夜的研究突破·第16條線索	核心成果終於被行業內最頂級的機構無條件接受，你打開通知的那一刻，多日來的疲憊全部煙消雲散。	"財富:中性,快樂:正向,名譽:中性"	普通	"0,2,0"
學院	跨越世代的教授對談·第17條線索	成功申請到了著名的海外交流或資助計畫，不僅能全額報銷差旅費，還能前往夢寐以求的聖地進修。	"財富:正向,快樂:中性,名譽:中性"	普通	"21,0,0"
學院	來自學生的溫馨謝意·第18條線索	一場公開演說或產品發布會座無虛席，甚至連走廊都擠滿了慕名而來的聽眾，結束後全場起立掌聲雷動。	"財富:中性,快樂:正向,名譽:中性"	普通	"0,1,0"
學院	在圖書館的隱藏發現·第19條線索	在連續不吃不睡的極限拼搏後，你終於成功解開了困擾眾人長達半個世紀的致命瓶頸，令人刮目相看。	"財富:正向,快樂:中性,名譽:中性"	普通	"27,0,0"
學院	關於論文的靈魂共鳴·第20條線索	你長年悉心指導的得意門生或團隊成員斬獲行業大獎，他們在領獎時透過鏡頭特別公開感謝你的啟蒙。	"財富:正向,快樂:中性,名譽:中性"	普通	"26,0,0"
學院	核心論文獲頂級認證·第21條線索	在深夜迎來重大突破。你的付出得到了周遭的一致推崇，讓你在這條道路上更有信心，鋪設了極高的起點。	"財富:中性,快樂:正向,名譽:中性"	普通	"0,2,0"
學院	拿到海外研究資助·第22條線索	獲得了跨越世代的忘年交與高人指點。對方主動分享珍貴經驗，願意在關鍵時刻成為你的職涯引路人。	"財富:正向,快樂:中性,名譽:中性"	普通	"29,0,0"
學院	公開思辨大會座無虛席·第23條線索	迎來了溫馨的小心意。周圍人自發送來感謝與卡片，證明你的堅守與付出真正溫暖並改變了他人的人生。	"財富:中性,快樂:中性,名譽:正向"	普通	"0,0,1"
學院	成功破譯論文瓶頸·第24條線索	在古老檔案或廢棄角落裡，意外發現了隱藏的秘密。這項發現有可能填補行業空白，甚至改寫部分歷史。	"財富:中性,快樂:正向,名譽:中性"	普通	"0,1,0"
學院	指導的學生斬獲大獎·第25條線索	發起的交流沙龍吸引了各界精英加入，一場思想的激烈碰撞與交鋒，讓所有人都有了相見恨晚的共?。	"財富:中性,快樂:中性,名譽:正向"	普通	"0,0,2"
學院	受邀參加教授的私人夜宴·第26條線索	核心成果終於被行業內最頂級的機構無條件接受，你打開通知的那一刻，多日來的疲憊全部煙消雲散。	"財富:中性,快樂:中性,名譽:正向"	普通	"0,0,2"
學院	匿名校友的論文基金饋贈·第27條線索	成功申請到了著名的海外交流或資助計畫，不僅能全額報銷差旅費，還能前往夢寐以求的聖地進修。	"財富:中性,快樂:中性,名譽:正向"	普通	"0,0,1"
學院	因破譯技術破紀錄被引用·第28條線索	一場公開演說或產品發布會座無虛席，甚至連走廊都擠滿了慕名而來的聽眾，結束後全場起立掌聲雷動。	"財富:中性,快樂:中性,名譽:正向"	普通	"0,0,1"
學院	在舊市集淘到絕版論文·第29條線索	在連續不吃不睡的極限拼搏後，你終於成功解開了困擾眾人長達半個世紀的致命瓶頸，令人刮目相看。	"財富:正向,快樂:中性,名譽:中性"	普通	"22,0,0"
學院	跨領域的思辨靈感碰撞·第30條線索	你長年悉心指導的得意門生或團隊成員斬獲行業大獎，他們在領獎時透過鏡頭特別公開感謝你的啟蒙。	"財富:中性,快樂:正向,名譽:中性"	普通	"0,1,0"
學院	深夜的研究突破·第31條線索	在深夜迎來重大突破。你的付出得到了周遭的一致推崇，讓你在這條道路上更有信心，鋪設了極高的起點。	"財富:正向,快樂:中性,名譽:中性"	普通	"18,0,0"
學院	跨越世代的教授對談·第32條線索	獲得了跨越世代的忘年交與高人指點。對方主動分享珍貴經驗，願意在關鍵時刻成為你的職涯引路人。	"財富:中性,快樂:正向,名譽:中性"	普通	"0,2,0"
學院	來自學生的溫馨謝意·第33條線索	迎來了溫馨的小心意。周圍人自發送來感謝與卡片，證明你的堅守與付出真正溫暖並改變了他人的人生。	"財富:中性,快樂:正向,名譽:中性"	普通	"0,2,0"
學院	在圖書館的隱藏發現·第34條線索	在古老檔案或廢棄角落裡，意外發現了隱藏的秘密。這項發現有可能填補行業空白，甚至改寫部分歷史。	"財富:正向,快樂:中性,名譽:中性"	普通	"26,0,0"
學院	關於論文的靈魂共鳴·第35條線索	發起的交流沙龍吸引了各界精英加入，一場思想的激烈碰撞與交鋒，讓所有人都有了相見恨晚的共?。	"財富:中性,快樂:正向,名譽:中性"	普通	"0,1,0"
學院	核心論文遭同行惡意剽竊·第36條線索	你赫然發現自己尚未公開的核心創意與成果，竟然出現在了同單位另一位資深前輩的新作與章節中。	"財富:中性,快樂:中性,名譽:負向"	普通	"0,0,-1"
學院	資方無預警削減研究預算·第37條線索	由於校方或資方無預警削減相關預算，你的小組面臨經費斷絕、被迫解散核心助理與團隊的殘酷困境。	"財富:中性,快樂:中性,名譽:負向"	普通	"0,0,-2"
學院	發言遭斷章取義引發風波·第38條線索	你在公開場合的某段私下發言被有心人斷章取義並上傳至網絡，引發了巨大的輿論風波與官方關切。	"財富:中性,快樂:中性,名譽:負向"	普通	"0,0,-2"
學院	信任的學生私自帶走源碼·第39條線索	你長年信任的首席助理或合作夥伴在項目完成前夕，私自帶走了核心源碼與客戶資料跳槽到了競爭對手那裡。	"財富:中性,快樂:中性,名譽:負向"	普通	"0,0,-2"
學院	因過度投入研究而忽略家庭·第40條線索	你因為過度專注於這條職業道路而嚴重忽略了家庭與身心健康，深夜回到家時，四周只有無盡的寂靜與冷清。	"財富:負向,快樂:中性,名譽:中性"	普通	"-11,0,0"
學院	研究設備突發短路·第41條線索	由於突發的不可抗力設備短路，你苦心維護了半年的重要成果與觀測樣本在一夜之間全部失去活性。	"財富:中性,快樂:負向,名譽:中性"	普通	"0,-1,0"
學院	關鍵晉升遭教授惡意擱置·第42條線索	你提交的晉升或審評因背後的派系鬥爭遭到惡意擱置，相關機構寄來的延期信冷冰冰地躺在你的信箱裡。	"財富:中性,快樂:中性,名譽:負向"	普通	"0,0,-2"
學院	在思辨時當眾得罪權威·第43條線索	在關鍵的研討會或談判桌上，你當眾指出了一位資深權威的嚴重數據錯誤，現場氣氛瞬間降到冰點。	"財富:中性,快樂:中性,名譽:負向"	普通	"0,0,-1"
學院	精心撰寫的論文被駁回·第44條線索	你辛苦撰寫了數萬字的核心項目申請書，被資方委員會以缺乏可行性為由無情駁回，付出付諸東流。	"財富:負向,快樂:中性,名譽:中性"	普通	"-18,0,0"
學院	今天在圖書館陷入冷場·第45條線索	在今天的重要公開場合上，台下的聽眾全程反應冷淡，你的提問完全無人回應，陷入了無盡的尷尬。	"財富:負向,快樂:中性,名譽:中性"	普通	"-15,0,0"
學院	核心論文遭同行惡意剽竊·第46條線索	你赫然發現自己尚未公開的核心創意與成果，竟然出現在了同單位另一位資深前輩的新作與章節中。	"財富:中性,快樂:負向,名譽:中性"	普通	"0,-1,0"
學院	資方無預警削減研究預算·第47條線索	由於校方或資方無預警削減相關預算，你的小組面臨經費斷絕、被迫解散核心助理與團隊的殘酷困境。	"財富:負向,快樂:中性,名譽:中性"	普通	"-19,0,0"
學院	發言遭斷章取義引發風波·第48條線索	你在公開場合的某段私下發言被有心人斷章取義並上傳至網絡，引發了巨大的輿論風波與官方關切。	"財富:中性,快樂:中性,名譽:負向"	普通	"0,0,-1"
學院	信任的學生私自帶走源碼·第49條線索	你長年信任的首席助理或合作夥伴在項目完成前夕，私自帶走了核心源碼與客戶資料跳槽到了競爭對手那裡。	"財富:負向,快樂:中性,名譽:中性"	普通	"-10,0,0"
學院	因過度投入研究而忽略家庭·第50條線索	你因為過度專注於這條職業道路而嚴重忽略了家庭與身心健康，深夜回到家時，四周只有無盡的寂靜與冷清。	"財富:中性,快樂:負向,名譽:中性"	普通	"0,-1,0"
學院	核心論文獲頂級認證·第51條線索	在深夜迎來重大突破。你的付出得到了周遭的一致推崇，讓你在這條道路上更有信心，鋪設了極高的起點。	"財富:中性,快樂:正向,名譽:中性"	稀有	"0,2,0"
學院	拿到海外研究資助·第52條線索	獲得了跨越世代的忘年交與高人指點。對方主動分享珍貴經驗，願意在關鍵時刻成為你的職涯引路人。	"財富:中性,快樂:中性,名譽:正向"	稀有	"0,0,4"
學院	公開思辨大會座無虛席·第53條線索	迎來了溫馨的小心意。周圍人自發送來感謝與卡片，證明你的堅守與付出真正溫暖並改變了他人的人生。	"財富:中性,快樂:正向,名譽:正向"	稀有	"0,3,3"
學院	成功破譯論文瓶頸·第54條線索	在古老檔案或廢棄角落裡，意外發現了隱藏的秘密。這項發現有可能填補行業空白，甚至改寫部分歷史。	"財富:正向,快樂:中性,名譽:中性"	稀有	"45,0,0"
學院	指導的學生斬獲大獎·第55條線索	發起的交流沙龍吸引了各界精英加入，一場思想的激烈碰撞與交鋒，讓所有人都有了相見恨晚的共?。	"財富:正向,快樂:中性,名譽:中性"	稀有	"33,0,0"
學院	受邀參加教授的私人夜宴·第56條線索	核心成果終於被行業內最頂級的機構無條件接受，你打開通知的那一刻，多日來的疲憊全部煙消雲散。	"財富:中性,快樂:中性,名譽:正向"	稀有	"0,0,2"
學院	匿名校友的論文基金饋贈·第57條線索	成功申請到了著名的海外交流或資助計畫，不僅能全額報銷差旅費，還能前往夢寐以求的聖地進修。	"財富:正向,快樂:中性,名譽:正向"	稀有	"42,0,3"
學院	因破譯技術破紀錄被引用·第58條線索	一場公開演說或產品發布會座無虛席，甚至連走廊都擠滿了慕名而來的聽眾，結束後全場起立掌聲雷動。	"財富:中性,快樂:正向,名譽:正向"	稀有	"0,2,4"
學院	在舊市集淘到絕版論文·第59條線索	在連續不吃不睡的極限拼搏後，你終於成功解開了困擾眾人長達半個世紀的致命瓶頸，令人刮目相看。	"財富:中性,快樂:中性,名譽:正向"	稀有	"0,0,4"
學院	跨領域的思辨靈感碰撞·第60條線索	你長年悉心指導的得意門生或團隊成員斬獲行業大獎，他們在領獎時透過鏡頭特別公開感謝你的啟蒙。	"財富:中性,快樂:正向,名譽:正向"	稀有	"0,2,3"
學院	深夜的研究突破·第61條線索	在深夜迎來重大突破。你的付出得到了周遭的一致推崇，讓你在這條道路上更有信心，鋪設了極高的起點。	"財富:正向,快樂:正向,名譽:中性"	稀有	"30,3,0"
學院	跨越世代的教授對談·第62條線索	獲得了跨越世代的忘年交與高人指點。對方主動分享珍貴經驗，願意在關鍵時刻成為你的職涯引路人。	"財富:中性,快樂:中性,名譽:正向"	稀有	"0,0,2"
學院	來自學生的溫馨謝意·第63條線索	迎來了溫馨的小心意。周圍人自發送來感謝與卡片，證明你的堅守與付出真正溫暖並改變了他人的人生。	"財富:正向,快樂:中性,名譽:正向"	稀有	"34,0,3"
學院	在圖書館的隱藏發現·第64條線索	在古老檔案或廢棄角落裡，意外發現了隱藏的秘密。這項發現有可能填補行業空白，甚至改寫部分歷史。	"財富:中性,快樂:中性,名譽:正向"	稀有	"0,0,4"
學院	今天在圖書館陷入冷場·第65條線索	在今天的重要公開場合上，台下的聽眾全程反應冷淡，你的提問完全無人回應，陷入了無盡的尷尬。	"財富:中性,快樂:中性,名譽:負向"	稀有	"0,0,-2"
學院	核心論文遭同行惡意剽竊·第66條線索	你赫然發現自己尚未公開的核心創意與成果，竟然出現在了同單位另一位資深前輩的新作與章節中。	"財富:負向,快樂:中性,名譽:負向"	稀有	"-24,0,-2"
學院	資方無預警削減研究預算·第67條線索	由於校方或資方無預警削減相關預算，你的小組面臨經費斷絕、被迫解散核心助理與團隊的殘酷困境。	"財富:負向,快樂:中性,名譽:中性"	稀有	"-28,0,0"
學院	發言遭斷章取義引發風波·第68條線索	你在公開場合的某段私下發言被有心人斷章取義並上傳至網絡，引發了巨大的輿論風波與官方關切。	"財富:負向,快樂:中性,名譽:中性"	稀有	"-20,0,0"
學院	信任的學生私自帶走源碼·第69條線索	你長年信任的首席助理或合作夥伴在項目完成前夕，私自帶走了核心源碼與客戶資料跳槽到了競爭對手那裡。	"財富:中性,快樂:中性,名譽:負向"	稀有	"0,0,-3"
學院	因過度投入研究而忽略家庭·第70條線索	你因為過度專注於這條職業道路而嚴重忽略了家庭與身心健康，深夜回到家時，四周只有無盡的寂靜與冷清。	"財富:中性,快樂:中性,名譽:負向"	稀有	"0,0,-2"
學院	受邀參加教授的私人夜宴·第71條線索	在深夜迎來重大突破。你的付出得到了周遭的一致推崇，讓你在這條道路上更有信心，鋪設了極高的起點。	"財富:中性,快樂:正向,名譽:正向"	傳奇	"0,3,4"
學院	匿名校友的論文基金饋贈·第72條線索	獲得了跨越世代的忘年交與高人指點。對方主動分享珍貴經驗，願意在關鍵時刻成為你的職涯引路人。	"財富:正向,快樂:正向,名譽:正向"	傳奇	"59,3,4"
學院	因破譯技術破紀錄被引用·第73條線索	迎來了溫馨的小心意。周圍人自發送來感謝與卡片，證明你的堅守與付出真正溫暖並改變了他人的人生。	"財富:正向,快樂:正向,名譽:中性"	傳奇	"45,3,0"
學院	在舊市集淘到絕版論文·第74條線索	在古老檔案或廢棄角落裡，意外發現了隱藏的秘密。這項發現有可能填補行業空白，甚至改寫部分歷史。	"財富:正向,快樂:中性,名譽:正向"	傳奇	"46,0,4"
學院	今天在圖書館陷入冷場·第75條線索	在今天的重要公開場合上，台下的聽眾全程反應冷淡，你的提問完全無人回應，陷入了無盡的尷尬。	"財富:負向,快樂:負向,名譽:中性"	傳奇	"-44,-5,0"
農墾	深夜的耕作突破·第1條線索	在深夜迎來重大突破。你的付出得到了周遭的一致推崇，讓你在這條道路上更有信心，鋪設了極高的起點。	"財富:中性,快樂:正向,名譽:中性"	普通	"0,2,0"
農墾	跨越世代的土壤對談·第2條線索	獲得了跨越世代的忘年交與高人指點。對方主動分享珍貴經驗，願意在關鍵時刻成為你的職涯引路人。	"財富:正向,快樂:中性,名譽:中性"	普通	"19,0,0"
農墾	來自農友的溫馨謝意·第3條線索	迎來了溫馨的小心意。周圍人自發送來感謝與卡片，證明你的堅守與付出真正溫暖並改變了他人的人生。	"財富:中性,快樂:中性,名譽:正向"	普通	"0,0,2"
農墾	在生態農場的隱藏發現·第4條線索	在古老檔案或廢棄角落裡，意外發現了隱藏的秘密。這項發現有可能填補行業空白，甚至改寫部分歷史。	"財富:正向,快樂:中性,名譽:中性"	普通	"30,0,0"
農墾	關於作物的靈魂共鳴·第5條線索	發起的交流沙龍吸引了各界精英加入，一場思想的激烈碰撞與交鋒，讓所有人都有了相見恨晚的共?。	"財富:中性,快樂:正向,名譽:中性"	普通	"0,1,0"
農墾	核心作物獲頂級認證·第6條線索	核心成果終於被行業內最頂級的機構無條件接受，你打開通知的那一刻，多日來的疲憊全部煙消雲散。	"財富:正向,快樂:中性,名譽:中性"	普通	"18,0,0"
農墾	拿到海外耕作資助·第7條線索	成功申請到了著名的海外交流或資助計畫，不僅能全額報銷差旅費，還能前往夢寐以求的聖地進修。	"財富:中性,快樂:中性,名譽:正向"	普通	"0,0,2"
農墾	公開收穫大會座無虛席·第8條線索	一場公開演說或產品發布會座無虛席，甚至連走廊都擠滿了慕名而來的聽眾，結束後全場起立掌聲雷動。	"財富:中性,快樂:正向,名譽:中性"	普通	"0,2,0"
農墾	成功破譯作物瓶頸·第9條線索	在連續不吃不睡的極限拼搏後，你終於成功解開了困擾眾人長達半個世紀的致命瓶頸，令人刮目相看。	"財富:中性,快樂:正向,名譽:中性"	普通	"0,2,0"
農墾	指導的農友斬獲大獎·第10條線索	你長年悉心指導的得意門生或團隊成員斬獲行業大獎，他們在領獎時透過鏡頭特別公開感謝你的啟蒙。	"財富:中性,快樂:中性,名譽:正向"	普通	"0,0,1"
農墾	受邀參加土壤的私人夜宴·第11條線索	在深夜迎來重大突破。你的付出得到了周遭的一致推崇，讓你在這條道路上更有信心，鋪設了極高的起點。	"財富:中性,快樂:中性,名譽:正向"	普通	"0,0,1"
農墾	匿名校友的作物基金饋贈·第12條線索	獲得了跨越世代的忘年交與高人指點。對方主動分享珍貴經驗，願意在關鍵時刻成為你的職涯引路人。	"財富:正向,快樂:中性,名譽:中性"	普通	"27,0,0"
農墾	因培育技術破紀錄被引用·第13條線索	迎來了溫馨的小心意。周圍人自發送來感謝與卡片，證明你的堅守與付出真正溫暖並改變了他人的人生。	"財富:中性,快樂:中性,名譽:正向"	普通	"0,0,2"
農墾	在舊市集淘到絕版作物·第14條線索	在古老檔案或廢棄角落裡，意外發現了隱藏的秘密。這項發現有可能填補行業空白，甚至改寫部分歷史。	"財富:正向,快樂:中性,名譽:中性"	普通	"22,0,0"
農墾	跨領域的收穫靈感碰撞·第15條線索	發起的交流沙龍吸引了各界精英加入，一場思想的激烈碰撞與交鋒，讓所有人都有了相見恨晚的共?。	"財富:正向,快樂:中性,名譽:中性"	普通	"21,0,0"
農墾	深夜的耕作突破·第16條線索	核心成果終於被行業內最頂級的機構無條件接受，你打開通知的那一刻，多日來的疲憊全部煙消雲散。	"財富:中性,快樂:中性,名譽:正向"	普通	"0,0,2"
農墾	跨越世代的土壤對談·第17條線索	成功申請到了著名的海外交流或資助計畫，不僅能全額報銷差旅費，還能前往夢寐以求的聖地進修。	"財富:正向,快樂:中性,名譽:中性"	普通	"28,0,0"
農墾	來自農友的溫馨謝意·第18條線索	一場公開演說或產品發布會座無虛席，甚至連走廊都擠滿了慕名而來的聽眾，結束後全場起立掌聲雷動。	"財富:正向,快樂:中性,名譽:中性"	普通	"23,0,0"
農墾	在生態農場的隱藏發現·第19條線索	在連續不吃不睡的極限拼搏後，你終於成功解開了困擾眾人長達半個世紀的致命瓶頸，令人刮目相看。	"財富:中性,快樂:正向,名譽:中性"	普通	"0,1,0"
農墾	關於作物的靈魂共鳴·第20條線索	你長年悉心指導的得意門生或團隊成員斬獲行業大獎，他們在領獎時透過鏡頭特別公開感謝你的啟蒙。	"財富:正向,快樂:中性,名譽:中性"	普通	"29,0,0"
農墾	核心作物獲頂級認證·第21條線索	在深夜迎來重大突破。你的付出得到了周遭的一致推崇，讓你在這條道路上更有信心，鋪設了極高的起點。	"財富:中性,快樂:中性,名譽:正向"	普通	"0,0,1"
農墾	拿到海外耕作資助·第22條線索	獲得了跨越世代的忘年交與高人指點。對方主動分享珍貴經驗，願意在關鍵時刻成為你的職涯引路人。	"財富:正向,快樂:中性,名譽:中性"	普通	"15,0,0"
農墾	公開收穫大會座無虛席·第23條線索	迎來了溫馨的小心意。周圍人自發送來感謝與卡片，證明你的堅守與付出真正溫暖並改變了他人的人生。	"財富:正向,快樂:中性,名譽:中性"	普通	"22,0,0"
農墾	成功破譯作物瓶頸·第24條線索	在古老檔案或廢棄角落裡，意外發現了隱藏的秘密。這項發現有可能填補行業空白，甚至改寫部分歷史。	"財富:正向,快樂:中性,名譽:中性"	普通	"28,0,0"
農墾	指導的農友斬獲大獎·第25條線索	發起的交流沙龍吸引了各界精英加入，一場思想的激烈碰撞與交鋒，讓所有人都有了相見恨晚的共?。	"財富:中性,快樂:正向,名譽:中性"	普通	"0,2,0"
農墾	受邀參加土壤的私人夜宴·第26條線索	核心成果終於被行業內最頂級的機構無條件接受，你打開通知的那一刻，多日來的疲憊全部煙消雲散。	"財富:正向,快樂:中性,名譽:中性"	普通	"27,0,0"
農墾	匿名校友的作物基金饋贈·第27條線索	成功申請到了著名的海外交流或資助計畫，不僅能全額報銷差旅費，還能前往夢寐以求的聖地進修。	"財富:正向,快樂:中性,名譽:中性"	普通	"20,0,0"
農墾	因培育技術破紀錄被引用·第28條線索	一場公開演說或產品發布會座無虛席，甚至連走廊都擠滿了慕名而來的聽眾，結束後全場起立掌聲雷動。	"財富:中性,快樂:正向,名譽:中性"	普通	"0,1,0"
農墾	在舊市集淘到絕版作物·第29條線索	在連續不吃不睡的極限拼搏後，你終於成功解開了困擾眾人長達半個世紀的致命瓶頸，令人刮目相看。	"財富:中性,快樂:正向,名譽:中性"	普通	"0,2,0"
農墾	跨領域的收穫靈感碰撞·第30條線索	你長年悉心指導的得意門生或團隊成員斬獲行業大獎，他們在領獎時透過鏡頭特別公開感謝你的啟蒙。	"財富:中性,快樂:正向,名譽:中性"	普通	"0,2,0"
農墾	深夜的耕作突破·第31條線索	在深夜迎來重大突破。你的付出得到了周遭的一致推崇，讓你在這條道路上更有信心，鋪設了極高的起點。	"財富:中性,快樂:正向,名譽:中性"	普通	"0,2,0"
農墾	跨越世代的土壤對談·第32條線索	獲得了跨越世代的忘年交與高人指點。對方主動分享珍貴經驗，願意在關鍵時刻成為你的職涯引路人。	"財富:正向,快樂:中性,名譽:中性"	普通	"21,0,0"
農墾	來自農友的溫馨謝意·第33條線索	迎來了溫馨的小心意。周圍人自發送來感謝與卡片，證明你的堅守與付出真正溫暖並改變了他人的人生。	"財富:中性,快樂:正向,名譽:中性"	普通	"0,1,0"
農墾	在生態農場的隱藏發現·第34條線索	在古老檔案或廢棄角落裡，意外發現了隱藏的秘密。這項發現有可能填補行業空白，甚至改寫部分歷史。	"財富:正向,快樂:中性,名譽:中性"	普通	"16,0,0"
農墾	關於作物的靈魂共鳴·第35條線索	發起的交流沙龍吸引了各界精英加入，一場思想的激烈碰撞與交鋒，讓所有人都有了相見恨晚的共?。	"財富:中性,快樂:中性,名譽:正向"	普通	"0,0,2"
農墾	核心作物遭同行惡意剽竊·第36條線索	你赫然發現自己尚未公開的核心創意與成果，竟然出現在了同單位另一位資深前輩的新作與章節中。	"財富:負向,快樂:中性,名譽:中性"	普通	"-24,0,0"
農墾	資方無預警削減耕作預算·第37條線索	由於校方或資方無預警削減相關預算，你的小組面臨經費斷絕、被迫解散核心助理與團隊的殘酷困境。	"財富:中性,快樂:中性,名譽:負向"	普通	"0,0,-1"
農墾	發言遭斷章取義引發風波·第38條線索	你在公開場合的某段私下發言被有心人斷章取義並上傳至網絡，引發了巨大的輿論風波與官方關切。	"財富:中性,快樂:中性,名譽:負向"	普通	"0,0,-2"
農墾	信任的農友私自帶走源碼·第39條線索	你長年信任的首席助理或合作夥伴在項目完成前夕，私自帶走了核心源碼與客戶資料跳槽到了競爭對手那裡。	"財富:負向,快樂:中性,名譽:中性"	普通	"-23,0,0"
農墾	因過度投入耕作而忽略家庭·第40條線索	你因為過度專注於這條職業道路而嚴重忽略了家庭與身心健康，深夜回到家時，四周只有無盡的寂靜與冷清。	"財富:負向,快樂:中性,名譽:中性"	普通	"-23,0,0"
農墾	耕作設備突發短路·第41條線索	由於突發的不可抗力設備短路，你苦心維護了半年的重要成果與觀測樣本在一夜之間全部失去活性。	"財富:中性,快樂:中性,名譽:負向"	普通	"0,0,-2"
農墾	關鍵晉升遭土壤惡意擱置·第42條線索	你提交的晉升或審評因背後的派系鬥爭遭到惡意擱置，相關機構寄來的延期信冷冰冰地躺在你的信箱裡。	"財富:中性,快樂:中性,名譽:負向"	普通	"0,0,-2"
農墾	在收穫時當眾得罪權威·第43條線索	在關鍵的研討會或談判桌上，你當眾指出了一位資深權威的嚴重數據錯誤，現場氣氛瞬間降到冰點。	"財富:中性,快樂:負向,名譽:中性"	普通	"0,-2,0"
農墾	精心撰寫的作物被駁回·第44條線索	你辛苦撰寫了數萬字的核心項目申請書，被資方委員會以缺乏可行性為由無情駁回，付出付諸東流。	"財富:中性,快樂:中性,名譽:負向"	普通	"0,0,-2"
農墾	今天在生態農場陷入冷場·第45條線索	在今天的重要公開場合上，台下的聽眾全程反應冷淡，你的提問完全無人回應，陷入了無盡的尷尬。	"財富:中性,快樂:中性,名譽:負向"	普通	"0,0,-2"
農墾	核心作物遭同行惡意剽竊·第46條線索	你赫然發現自己尚未公開的核心創意與成果，竟然出現在了同單位另一位資深前輩的新作與章節中。	"財富:中性,快樂:中性,名譽:負向"	普通	"0,0,-2"
農墾	資方無預警削減耕作預算·第47條線索	由於校方或資方無預警削減相關預算，你的小組面臨經費斷絕、被迫解散核心助理與團隊的殘酷困境。	"財富:中性,快樂:負向,名譽:中性"	普通	"0,-1,0"
農墾	發言遭斷章取義引發風波·第48條線索	你在公開場合的某段私下發言被有心人斷章取義並上傳至網絡，引發了巨大的輿論風波與官方關切。	"財富:中性,快樂:負向,名譽:中性"	普通	"0,-2,0"
農墾	信任的農友私自帶走源碼·第49條線索	你長年信任的首席助理或合作夥伴在項目完成前夕，私自帶走了核心源碼與客戶資料跳槽到了競爭對手那裡。	"財富:中性,快樂:中性,名譽:負向"	普通	"0,0,-1"
農墾	因過度投入耕作而忽略家庭·第50條線索	你因為過度專注於這條職業道路而嚴重忽略了家庭與身心健康，深夜回到家時，四周只有無盡的寂靜與冷清。	"財富:負向,快樂:中性,名譽:中性"	普通	"-17,0,0"
農墾	核心作物獲頂級認證·第51條線索	在深夜迎來重大突破。你的付出得到了周遭的一致推崇，讓你在這條道路上更有信心，鋪設了極高的起點。	"財富:正向,快樂:正向,名譽:中性"	稀有	"44,3,0"
農墾	拿到海外耕作資助·第52條線索	獲得了跨越世代的忘年交與高人指點。對方主動分享珍貴經驗，願意在關鍵時刻成為你的職涯引路人。	"財富:正向,快樂:中性,名譽:中性"	稀有	"44,0,0"
農墾	公開收穫大會座無虛席·第53條線索	迎來了溫馨的小心意。周圍人自發送來感謝與卡片，證明你的堅守與付出真正溫暖並改變了他人的人生。	"財富:正向,快樂:中性,名譽:中性"	稀有	"36,0,0"
農墾	成功破譯作物瓶頸·第54條線索	在古老檔案或廢棄角落裡，意外發現了隱藏的秘密。這項發現有可能填補行業空白，甚至改寫部分歷史。	"財富:正向,快樂:正向,名譽:中性"	稀有	"32,2,0"
農墾	指導的農友斬獲大獎·第55條線索	發起的交流沙龍吸引了各界精英加入，一場思想的激烈碰撞與交鋒，讓所有人都有了相見恨晚的共?。	"財富:正向,快樂:正向,名譽:中性"	稀有	"44,3,0"
農墾	受邀參加土壤的私人夜宴·第56條線索	核心成果終於被行業內最頂級的機構無條件接受，你打開通知的那一刻，多日來的疲憊全部煙消雲散。	"財富:中性,快樂:中性,名譽:正向"	稀有	"0,0,4"
農墾	匿名校友的作物基金饋贈·第57條線索	成功申請到了著名的海外交流或資助計畫，不僅能全額報銷差旅費，還能前往夢寐以求的聖地進修。	"財富:正向,快樂:中性,名譽:正向"	稀有	"34,0,3"
農墾	因培育技術破紀錄被引用·第58條線索	一場公開演說或產品發布會座無虛席，甚至連走廊都擠滿了慕名而來的聽眾，結束後全場起立掌聲雷動。	"財富:正向,快樂:中性,名譽:中性"	稀有	"34,0,0"
農墾	在舊市集淘到絕版作物·第59條線索	在連續不吃不睡的極限拼搏後，你終於成功解開了困擾眾人長達半個世紀的致命瓶頸，令人刮目相看。	"財富:正向,快樂:正向,名譽:中性"	稀有	"40,2,0"
農墾	跨領域的收穫靈感碰撞·第60條線索	你長年悉心指導的得意門生或團隊成員斬獲行業大獎，他們在領獎時透過鏡頭特別公開感謝你的啟蒙。	"財富:中性,快樂:正向,名譽:正向"	稀有	"0,3,2"
農墾	深夜的耕作突破·第61條線索	在深夜迎來重大突破。你的付出得到了周遭的一致推崇，讓你在這條道路上更有信心，鋪設了極高的起點。	"財富:中性,快樂:中性,名譽:正向"	稀有	"0,0,3"
農墾	跨越世代的土壤對談·第62條線索	獲得了跨越世代的忘年交與高人指點。對方主動分享珍貴經驗，願意在關鍵時刻成為你的職涯引路人。	"財富:正向,快樂:中性,名譽:正向"	稀有	"40,0,2"
農墾	來自農友的溫馨謝意·第63條線索	迎來了溫馨的小心意。周圍人自發送來感謝與卡片，證明你的堅守與付出真正溫暖並改變了他人的人生。	"財富:正向,快樂:正向,名譽:中性"	稀有	"43,2,0"
農墾	在生態農場的隱藏發現·第64條線索	在古老檔案或廢棄角落裡，意外發現了隱藏的秘密。這項發現有可能填補行業空白，甚至改寫部分歷史。	"財富:正向,快樂:中性,名譽:中性"	稀有	"34,0,0"
農墾	今天在生態農場陷入冷場·第65條線索	在今天的重要公開場合上，台下的聽眾全程反應冷淡，你的提問完全無人回應，陷入了無盡的尷尬。	"財富:中性,快樂:負向,名譽:中性"	稀有	"0,-3,0"
農墾	核心作物遭同行惡意剽竊·第66條線索	你赫然發現自己尚未公開的核心創意與成果，竟然出現在了同單位另一位資深前輩的新作與章節中。	"財富:負向,快樂:中性,名譽:負向"	稀有	"-26,0,-2"
農墾	資方無預警削減耕作預算·第67條線索	由於校方或資方無預警削減相關預算，你的小組面臨經費斷絕、被迫解散核心助理與團隊的殘酷困境。	"財富:中性,快樂:負向,名譽:中性"	稀有	"0,-3,0"
農墾	發言遭斷章取義引發風波·第68條線索	你在公開場合的某段私下發言被有心人斷章取義並上傳至網絡，引發了巨大的輿論風波與官方關切。	"財富:中性,快樂:中性,名譽:負向"	稀有	"0,0,-3"
農墾	信任的農友私自帶走源碼·第69條線索	你長年信任的首席助理或合作夥伴在項目完成前夕，私自帶走了核心源碼與客戶資料跳槽到了競爭對手那裡。	"財富:中性,快樂:負向,名譽:負向"	稀有	"0,-3,-3"
農墾	因過度投入耕作而忽略家庭·第70條線索	你因為過度專注於這條職業道路而嚴重忽略了家庭與身心健康，深夜回到家時，四周只有無盡的寂靜與冷清。	"財富:負向,快樂:中性,名譽:中性"	稀有	"-22,0,0"
農墾	受邀參加土壤的私人夜宴·第71條線索	在深夜迎來重大突破。你的付出得到了周遭的一致推崇，讓你在這條道路上更有信心，鋪設了極高的起點。	"財富:正向,快樂:正向,名譽:中性"	傳奇	"58,3,0"
農墾	匿名校友的作物基金饋贈·第72條線索	獲得了跨越世代的忘年交與高人指點。對方主動分享珍貴經驗，願意在關鍵時刻成為你的職涯引路人。	"財富:正向,快樂:正向,名譽:正向"	傳奇	"46,4,4"
農墾	因培育技術破紀錄被引用·第73條線索	迎來了溫馨的小心意。周圍人自發送來感謝與卡片，證明你的堅守與付出真正溫暖並改變了他人的人生。	"財富:中性,快樂:正向,名譽:正向"	傳奇	"0,4,4"
農墾	在舊市集淘到絕版作物·第74條線索	在古老檔案或廢棄角落裡，意外發現了隱藏的秘密。這項發現有可能填補行業空白，甚至改寫部分歷史。	"財富:正向,快樂:中性,名譽:正向"	傳奇	"57,0,5"
農墾	今天在生態農場陷入冷場·第75條線索	在今天的重要公開場合上，台下的聽眾全程反應冷淡，你的提問完全無人回應，陷入了無盡的尷尬。	"財富:負向,快樂:負向,名譽:負向"	傳奇	"-35,-4,-3"
企業	深夜的商戰突破·第1條線索	在深夜迎來重大突破。你的付出得到了周遭的一致推崇，讓你在這條道路上更有信心，鋪設了極高的起點。	"財富:正向,快樂:中性,名譽:中性"	普通	"18,0,0"
企業	跨越世代的股東對談·第2條線索	獲得了跨越世代的忘年交與高人指點。對方主動分享珍貴經驗，願意在關鍵時刻成為你的職涯引路人。	"財富:中性,快樂:正向,名譽:中性"	普通	"0,1,0"
企業	來自客戶的溫馨謝意·第3條線索	迎來了溫馨的小心意。周圍人自發送來感謝與卡片，證明你的堅守與付出真正溫暖並改變了他人的人生。	"財富:中性,快樂:中性,名譽:正向"	普通	"0,0,2"
企業	在摩天大樓的隱藏發現·第4條線索	在古老檔案或廢棄角落裡，意外發現了隱藏的秘密。這項發現有可能填補行業空白，甚至改寫部分歷史。	"財富:正向,快樂:中性,名譽:中性"	普通	"18,0,0"
企業	關於項目的靈魂共鳴·第5條線索	發起的交流沙龍吸引了各界精英加入，一場思想的激烈碰撞與交鋒，讓所有人都有了相見恨晚的共?。	"財富:中性,快樂:中性,名譽:正向"	普通	"0,0,2"
企業	核心項目獲頂級認證·第6條線索	核心成果終於被行業內最頂級的機構無條件接受，你打開通知的那一刻，多日來的疲憊全部煙消雲散。	"財富:中性,快樂:正向,名譽:中性"	普通	"0,2,0"
企業	拿到海外商戰資助·第7條線索	成功申請到了著名的海外交流或資助計畫，不僅能全額報銷差旅費，還能前往夢寐以求的聖地進修。	"財富:中性,快樂:正向,名譽:中性"	普通	"0,1,0"
企業	公開收購大會座無虛席·第8條線索	一場公開演說或產品發布會座無虛席，甚至連走廊都擠滿了慕名而來的聽眾，結束後全場起立掌聲雷動。	"財富:中性,快樂:正向,名譽:中性"	普通	"0,1,0"
企業	成功破譯項目瓶頸·第9條線索	在連續不吃不睡的極限拼搏後，你終於成功解開了困擾眾人長達半個世紀的致命瓶頸，令人刮目相看。	"財富:中性,快樂:正向,名譽:中性"	普通	"0,1,0"
企業	指導的客戶斬獲大獎·第10條線索	你長年悉心指導的得意門生或團隊成員斬獲行業大獎，他們在領獎時透過鏡頭特別公開感謝你的啟蒙。	"財富:中性,快樂:中性,名譽:正向"	普通	"0,0,2"
企業	受邀參加股東的私人夜宴·第11條線索	在深夜迎來重大突破。你的付出得到了周遭的一致推崇，讓你在這條道路上更有信心，鋪設了極高的起點。	"財富:正向,快樂:中性,名譽:中性"	普通	"21,0,0"
企業	匿名校友的項目基金饋贈·第12條線索	獲得了跨越世代的忘年交與高人指點。對方主動分享珍貴經驗，願意在關鍵時刻成為你的職涯引路人。	"財富:中性,快樂:正向,名譽:中性"	普通	"0,2,0"
企業	因談判技術破紀錄被引用·第13條線索	迎來了溫馨的小心意。周圍人自發送來感謝與卡片，證明你的堅守與付出真正溫暖並改變了他人的人生。	"財富:正向,快樂:中性,名譽:中性"	普通	"25,0,0"
企業	在舊市集淘到絕版項目·第14條線索	在古老檔案或廢棄角落裡，意外發現了隱藏的秘密。這項發現有可能填補行業空白，甚至改寫部分歷史。	"財富:中性,快樂:中性,名譽:正向"	普通	"0,0,2"
企業	跨領域的收購靈感碰撞·第15條線索	發起的交流沙龍吸引了各界精英加入，一場思想的激烈碰撞與交鋒，讓所有人都有了相見恨晚的共?。	"財富:中性,快樂:中性,名譽:正向"	普通	"0,0,1"
企業	深夜的商戰突破·第16條線索	核心成果終於被行業內最頂級的機構無條件接受，你打開通知的那一刻，多日來的疲憊全部煙消雲散。	"財富:中性,快樂:中性,名譽:正向"	普通	"0,0,2"
企業	跨越世代的股東對談·第17條線索	成功申請到了著名的海外交流或資助計畫，不僅能全額報銷差旅費，還能前往夢寐以求的聖地進修。	"財富:中性,快樂:中性,名譽:正向"	普通	"0,0,2"
企業	來自客戶的溫馨謝意·第18條線索	一場公開演說或產品發布會座無虛席，甚至連走廊都擠滿了慕名而來的聽眾，結束後全場起立掌聲雷動。	"財富:中性,快樂:中性,名譽:正向"	普通	"0,0,2"
企業	在摩天大樓的隱藏發現·第19條線索	在連續不吃不睡的極限拼搏後，你終於成功解開了困擾眾人長達半個世紀的致命瓶頸，令人刮目相看。	"財富:中性,快樂:正向,名譽:中性"	普通	"0,2,0"
企業	關於項目的靈魂共鳴·第20條線索	你長年悉心指導的得意門生或團隊成員斬獲行業大獎，他們在領獎時透過鏡頭特別公開感謝你的啟蒙。	"財富:中性,快樂:中性,名譽:正向"	普通	"0,0,2"
企業	核心項目獲頂級認證·第21條線索	在深夜迎來重大突破。你的付出得到了周遭的一致推崇，讓你在這條道路上更有信心，鋪設了極高的起點。	"財富:中性,快樂:中性,名譽:正向"	普通	"0,0,1"
企業	拿到海外商戰資助·第22條線索	獲得了跨越世代的忘年交與高人指點。對方主動分享珍貴經驗，願意在關鍵時刻成為你的職涯引路人。	"財富:正向,快樂:中性,名譽:中性"	普通	"28,0,0"
企業	公開收購大會座無虛席·第23條線索	迎來了溫馨的小心意。周圍人自發送來感謝與卡片，證明你的堅守與付出真正溫暖並改變了他人的人生。	"財富:中性,快樂:中性,名譽:正向"	普通	"0,0,2"
企業	成功破譯項目瓶頸·第24條線索	在古老檔案或廢棄角落裡，意外發現了隱藏的秘密。這項發現有可能填補行業空白，甚至改寫部分歷史。	"財富:中性,快樂:中性,名譽:正向"	普通	"0,0,1"
企業	指導的客戶斬獲大獎·第25條線索	發起的交流沙龍吸引了各界精英加入，一場思想的激烈碰撞與交鋒，讓所有人都有了相見恨晚的共?。	"財富:中性,快樂:中性,名譽:正向"	普通	"0,0,2"
企業	受邀參加股東的私人夜宴·第26條線索	核心成果終於被行業內最頂級的機構無條件接受，你打開通知的那一刻，多日來的疲憊全部煙消雲散。	"財富:中性,快樂:正向,名譽:中性"	普通	"0,1,0"
企業	匿名校友的項目基金饋贈·第27條線索	成功申請到了著名的海外交流或資助計畫，不僅能全額報銷差旅費，還能前往夢寐以求的聖地進修。	"財富:中性,快樂:正向,名譽:中性"	普通	"0,2,0"
企業	因談判技術破紀錄被引用·第28條線索	一場公開演說或產品發布會座無虛席，甚至連走廊都擠滿了慕名而來的聽眾，結束後全場起立掌聲雷動。	"財富:正向,快樂:中性,名譽:中性"	普通	"28,0,0"
企業	在舊市集淘到絕版項目·第29條線索	在連續不吃不睡的極限拼搏後，你終於成功解開了困擾眾人長達半個世紀的致命瓶頸，令人刮目相看。	"財富:中性,快樂:中性,名譽:正向"	普通	"0,0,2"
企業	跨領域的收購靈感碰撞·第30條線索	你長年悉心指導的得意門生或團隊成員斬獲行業大獎，他們在領獎時透過鏡頭特別公開感謝你的啟蒙。	"財富:中性,快樂:正向,名譽:中性"	普通	"0,2,0"
企業	深夜的商戰突破·第31條線索	在深夜迎來重大突破。你的付出得到了周遭的一致推崇，讓你在這條道路上更有信心，鋪設了極高的起點。	"財富:中性,快樂:正向,名譽:中性"	普通	"0,1,0"
企業	跨越世代的股東對談·第32條線索	獲得了跨越世代的忘年交與高人指點。對方主動分享珍貴經驗，願意在關鍵時刻成為你的職涯引路人。	"財富:中性,快樂:中性,名譽:正向"	普通	"0,0,2"
企業	來自客戶的溫馨謝意·第33條線索	迎來了溫馨的小心意。周圍人自發送來感謝與卡片，證明你的堅守與付出真正溫暖並改變了他人的人生。	"財富:中性,快樂:中性,名譽:正向"	普通	"0,0,1"
企業	在摩天大樓的隱藏發現·第34條線索	在古老檔案或廢棄角落裡，意外發現了隱藏的秘密。這項發現有可能填補行業空白，甚至改寫部分歷史。	"財富:中性,快樂:中性,名譽:正向"	普通	"0,0,1"
企業	關於項目的靈魂共鳴·第35條線索	發起的交流沙龍吸引了各界精英加入，一場思想的激烈碰撞與交鋒，讓所有人都有了相見恨晚的共?。	"財富:中性,快樂:正向,名譽:中性"	普通	"0,2,0"
企業	核心項目遭同行惡意剽竊·第36條線索	你赫然發現自己尚未公開的核心創意與成果，竟然出現在了同單位另一位資深前輩的新作與章節中。	"財富:負向,快樂:中性,名譽:中性"	普通	"-18,0,0"
企業	資方無預警削減商戰預算·第37條線索	由於校方或資方無預警削減相關預算，你的小組面臨經費斷絕、被迫解散核心助理與團隊的殘酷困境。	"財富:中性,快樂:中性,名譽:負向"	普通	"0,0,-1"
企業	發言遭斷章取義引發風波·第38條線索	你在公開場合的某段私下發言被有心人斷章取義並上傳至網絡，引發了巨大的輿論風波與官方關切。	"財富:負向,快樂:中性,名譽:中性"	普通	"-19,0,0"
企業	信任的客戶私自帶走源碼·第39條線索	你長年信任的首席助理或合作夥伴在項目完成前夕，私自帶走了核心源碼與客戶資料跳槽到了競爭對手那裡。	"財富:負向,快樂:中性,名譽:中性"	普通	"-25,0,0"
企業	因過度投入商戰而忽略家庭·第40條線索	你因為過度專注於這條職業道路而嚴重忽略了家庭與身心健康，深夜回到家時，四周只有無盡的寂靜與冷清。	"財富:負向,快樂:中性,名譽:中性"	普通	"-18,0,0"
企業	商戰設備突發短路·第41條線索	由於突發的不可抗力設備短路，你苦心維護了半年的重要成果與觀測樣本在一夜之間全部失去活性。	"財富:中性,快樂:負向,名譽:中性"	普通	"0,-2,0"
企業	關鍵晉升遭股東惡意擱置·第42條線索	你提交的晉升或審評因背後的派系鬥爭遭到惡意擱置，相關機構寄來的延期信冷冰冰地躺在你的信箱裡。	"財富:中性,快樂:負向,名譽:中性"	普通	"0,-1,0"
企業	在收購時當眾得罪權威·第43條線索	在關鍵的研討會或談判桌上，你當眾指出了一位資深權威的嚴重數據錯誤，現場氣氛瞬間降到冰點。	"財富:中性,快樂:中性,名譽:負向"	普通	"0,0,-2"
企業	精心撰寫的項目被駁回·第44條線索	你辛苦撰寫了數萬字的核心項目申請書，被資方委員會以缺乏可行性為由無情駁回，付出付諸東流。	"財富:中性,快樂:中性,名譽:負向"	普通	"0,0,-1"
企業	今天在摩天大樓陷入冷場·第45條線索	在今天的重要公開場合上，台下的聽眾全程反應冷淡，你的提問完全無人回應，陷入了無盡的尷尬。	"財富:中性,快樂:負向,名譽:中性"	普通	"0,-1,0"
企業	核心項目遭同行惡意剽竊·第46條線索	你赫然發現自己尚未公開的核心創意與成果，竟然出現在了同單位另一位資深前輩的新作與章節中。	"財富:負向,快樂:中性,名譽:中性"	普通	"-21,0,0"
企業	資方無預警削減商戰預算·第47條線索	由於校方或資方無預警削減相關預算，你的小組面臨經費斷絕、被迫解散核心助理與團隊的殘酷困境。	"財富:中性,快樂:中性,名譽:負向"	普通	"0,0,-2"
企業	發言遭斷章取義引發風波·第48條線索	你在公開場合的某段私下發言被有心人斷章取義並上傳至網絡，引發了巨大的輿論風波與官方關切。	"財富:負向,快樂:中性,名譽:中性"	普通	"-12,0,0"
企業	信任的客戶私自帶走源碼·第49條線索	你長年信任的首席助理或合作夥伴在項目完成前夕，私自帶走了核心源碼與客戶資料跳槽到了競爭對手那裡。	"財富:負向,快樂:中性,名譽:中性"	普通	"-20,0,0"
企業	因過度投入商戰而忽略家庭·第50條線索	你因為過度專注於這條職業道路而嚴重忽略了家庭與身心健康，深夜回到家時，四周只有無盡的寂靜與冷清。	"財富:中性,快樂:中性,名譽:負向"	普通	"0,0,-1"
企業	核心項目獲頂級認證·第51條線索	在深夜迎來重大突破。你的付出得到了周遭的一致推崇，讓你在這條道路上更有信心，鋪設了極高的起點。	"財富:中性,快樂:中性,名譽:正向"	稀有	"0,0,2"
企業	拿到海外商戰資助·第52條線索	獲得了跨越世代的忘年交與高人指點。對方主動分享珍貴經驗，願意在關鍵時刻成為你的職涯引路人。	"財富:中性,快樂:正向,名譽:中性"	稀有	"0,2,0"
企業	公開收購大會座無虛席·第53條線索	迎來了溫馨的小心意。周圍人自發送來感謝與卡片，證明你的堅守與付出真正溫暖並改變了他人的人生。	"財富:中性,快樂:正向,名譽:正向"	稀有	"0,3,4"
企業	成功破譯項目瓶頸·第54條線索	在古老檔案或廢棄角落裡，意外發現了隱藏的秘密。這項發現有可能填補行業空白，甚至改寫部分歷史。	"財富:中性,快樂:正向,名譽:正向"	稀有	"0,2,4"
企業	指導的客戶斬獲大獎·第55條線索	發起的交流沙龍吸引了各界精英加入，一場思想的激烈碰撞與交鋒，讓所有人都有了相見恨晚的共?。	"財富:中性,快樂:正向,名譽:正向"	稀有	"0,2,4"
企業	受邀參加股東的私人夜宴·第56條線索	核心成果終於被行業內最頂級的機構無條件接受，你打開通知的那一刻，多日來的疲憊全部煙消雲散。	"財富:中性,快樂:正向,名譽:正向"	稀有	"0,2,3"
企業	匿名校友的項目基金饋贈·第57條線索	成功申請到了著名的海外交流或資助計畫，不僅能全額報銷差旅費，還能前往夢寐以求的聖地進修。	"財富:正向,快樂:正向,名譽:中性"	稀有	"37,3,0"
企業	因談判技術破紀錄被引用·第58條線索	一場公開演說或產品發布會座無虛席，甚至連走廊都擠滿了慕名而來的聽眾，結束後全場起立掌聲雷動。	"財富:正向,快樂:正向,名譽:中性"	稀有	"34,2,0"
企業	在舊市集淘到絕版項目·第59條線索	在連續不吃不睡的極限拼搏後，你終於成功解開了困擾眾人長達半個世紀的致命瓶頸，令人刮目相看。	"財富:中性,快樂:正向,名譽:中性"	稀有	"0,2,0"
企業	跨領域的收購靈感碰撞·第60條線索	你長年悉心指導的得意門生或團隊成員斬獲行業大獎，他們在領獎時透過鏡頭特別公開感謝你的啟蒙。	"財富:正向,快樂:中性,名譽:中性"	稀有	"43,0,0"
企業	深夜的商戰突破·第61條線索	在深夜迎來重大突破。你的付出得到了周遭的一致推崇，讓你在這條道路上更有信心，鋪設了極高的起點。	"財富:中性,快樂:正向,名譽:正向"	稀有	"0,3,2"
企業	跨越世代的股東對談·第62條線索	獲得了跨越世代的忘年交與高人指點。對方主動分享珍貴經驗，願意在關鍵時刻成為你的職涯引路人。	"財富:中性,快樂:正向,名譽:中性"	稀有	"0,3,0"
企業	來自客戶的溫馨謝意·第63條線索	迎來了溫馨的小心意。周圍人自發送來感謝與卡片，證明你的堅守與付出真正溫暖並改變了他人的人生。	"財富:中性,快樂:中性,名譽:正向"	稀有	"0,0,3"
企業	在摩天大樓的隱藏發現·第64條線索	在古老檔案或廢棄角落裡，意外發現了隱藏的秘密。這項發現有可能填補行業空白，甚至改寫部分歷史。	"財富:正向,快樂:正向,名譽:中性"	稀有	"39,3,0"
企業	今天在摩天大樓陷入冷場·第65條線索	在今天的重要公開場合上，台下的聽眾全程反應冷淡，你的提問完全無人回應，陷入了無盡的尷尬。	"財富:負向,快樂:中性,名譽:負向"	稀有	"-20,0,-3"
企業	核心項目遭同行惡意剽竊·第66條線索	你赫然發現自己尚未公開的核心創意與成果，竟然出現在了同單位另一位資深前輩的新作與章節中。	"財富:中性,快樂:負向,名譽:負向"	稀有	"0,-3,-2"
企業	資方無預警削減商戰預算·第67條線索	由於校方或資方無預警削減相關預算，你的小組面臨經費斷絕、被迫解散核心助理與團隊的殘酷困境。	"財富:中性,快樂:負向,名譽:負向"	稀有	"0,-3,-2"
企業	發言遭斷章取義引發風波·第68條線索	你在公開場合的某段私下發言被有心人斷章取義並上傳至網絡，引發了巨大的輿論風波與官方關切。	"財富:中性,快樂:中性,名譽:負向"	稀有	"0,0,-3"
企業	信任的客戶私自帶走源碼·第69條線索	你長年信任的首席助理或合作夥伴在項目完成前夕，私自帶走了核心源碼與客戶資料跳槽到了競爭對手那裡。	"財富:負向,快樂:中性,名譽:負向"	稀有	"-33,0,-2"
企業	因過度投入商戰而忽略家庭·第70條線索	你因為過度專注於這條職業道路而嚴重忽略了家庭與身心健康，深夜回到家時，四周只有無盡的寂靜與冷清。	"財富:中性,快樂:負向,名譽:中性"	稀有	"0,-3,0"
企業	受邀參加股東的私人夜宴·第71條線索	在深夜迎來重大突破。你的付出得到了周遭的一致推崇，讓你在這條道路上更有信心，鋪設了極高的起點。	"財富:中性,快樂:正向,名譽:正向"	傳奇	"0,4,4"
企業	匿名校友的項目基金饋贈·第72條線索	獲得了跨越世代的忘年交與高人指點。對方主動分享珍貴經驗，願意在關鍵時刻成為你的職涯引路人。	"財富:正向,快樂:正向,名譽:正向"	傳奇	"53,4,5"
企業	因談判技術破紀錄被引用·第73條線索	迎來了溫馨的小心意。周圍人自發送來感謝與卡片，證明你的堅守與付出真正溫暖並改變了他人的人生。	"財富:正向,快樂:正向,名譽:中性"	傳奇	"46,4,0"
企業	在舊市集淘到絕版項目·第74條線索	在古老檔案或廢棄角落裡，意外發現了隱藏的秘密。這項發現有可能填補行業空白，甚至改寫部分歷史。	"財富:正向,快樂:中性,名譽:正向"	傳奇	"46,0,4"
企業	今天在摩天大樓陷入冷場·第75條線索	在今天的重要公開場合上，台下的聽眾全程反應冷淡，你的提問完全無人回應，陷入了無盡的尷尬。	"財富:負向,快樂:中性,名譽:負向"	傳奇	"-36,0,-4"
從政	深夜的政策突破·第1條線索	在深夜迎來重大突破。你的付出得到了周遭的一致推崇，讓你在這條道路上更有信心，鋪設了極高的起點。	"財富:正向,快樂:中性,名譽:中性"	普通	"19,0,0"
從政	跨越世代的選民對談·第2條線索	獲得了跨越世代的忘年交與高人指點。對方主動分享珍貴經驗，願意在關鍵時刻成為你的職涯引路人。	"財富:中性,快樂:正向,名譽:中性"	普通	"0,1,0"
從政	來自政客的溫馨謝意·第3條線索	迎來了溫馨的小心意。周圍人自發送來感謝與卡片，證明你的堅守與付出真正溫暖並改變了他人的人生。	"財富:中性,快樂:中性,名譽:正向"	普通	"0,0,1"
從政	在議事廳的隱藏發現·第4條線索	在古老檔案或廢棄角落裡，意外發現了隱藏的秘密。這項發現有可能填補行業空白，甚至改寫部分歷史。	"財富:中性,快樂:正向,名譽:中性"	普通	"0,2,0"
從政	關於法案的靈魂共鳴·第5條線索	發起的交流沙龍吸引了各界精英加入，一場思想的激烈碰撞與交鋒，讓所有人都有了相見恨晚的共?。	"財富:中性,快樂:正向,名譽:中性"	普通	"0,1,0"
從政	核心法案獲頂級認證·第6條線索	核心成果終於被行業內最頂級的機構無條件接受，你打開通知的那一刻，多日來的疲憊全部煙消雲散。	"財富:中性,快樂:中性,名譽:正向"	普通	"0,0,1"
從政	拿到海外政策資助·第7條線索	成功申請到了著名的海外交流或資助計畫，不僅能全額報銷差旅費，還能前往夢寐以求的聖地進修。	"財富:正向,快樂:中性,名譽:中性"	普通	"24,0,0"
從政	公開辯論大會座無虛席·第8條線索	一場公開演說或產品發布會座無虛席，甚至連走廊都擠滿了慕名而來的聽眾，結束後全場起立掌聲雷動。	"財富:正向,快樂:中性,名譽:中性"	普通	"15,0,0"
從政	成功破譯法案瓶頸·第9條線索	在連續不吃不睡的極限拼搏後，你終於成功解開了困擾眾人長達半個世紀的致命瓶頸，令人刮目相看。	"財富:中性,快樂:正向,名譽:中性"	普通	"0,2,0"
從政	指導的政客斬獲大獎·第10條線索	你長年悉心指導的得意門生或團隊成員斬獲行業大獎，他們在領獎時透過鏡頭特別公開感謝你的啟蒙。	"財富:中性,快樂:正向,名譽:中性"	普通	"0,1,0"
從政	受邀參加選民的私人夜宴·第11條線索	在深夜迎來重大突破。你的付出得到了周遭的一致推崇，讓你在這條道路上更有信心，鋪設了極高的起點。	"財富:正向,快樂:中性,名譽:中性"	普通	"22,0,0"
從政	匿名校友的法案基金饋贈·第12條線索	獲得了跨越世代的忘年交與高人指點。對方主動分享珍貴經驗，願意在關鍵時刻成為你的職涯引路人。	"財富:正向,快樂:中性,名譽:中性"	普通	"24,0,0"
從政	因倡議技術破紀錄被引用·第13條線索	迎來了溫馨的小心意。周圍人自發送來感謝與卡片，證明你的堅守與付出真正溫暖並改變了他人的人生。	"財富:中性,快樂:中性,名譽:正向"	普通	"0,0,1"
從政	在舊市集淘到絕版法案·第14條線索	在古老檔案或廢棄角落裡，意外發現了隱藏的秘密。這項發現有可能填補行業空白，甚至改寫部分歷史。	"財富:中性,快樂:中性,名譽:正向"	普通	"0,0,1"
從政	跨領域的辯論靈感碰撞·第15條線索	發起的交流沙龍吸引了各界精英加入，一場思想的激烈碰撞與交鋒，讓所有人都有了相見恨晚的共?。	"財富:中性,快樂:正向,名譽:中性"	普通	"0,2,0"
從政	深夜的政策突破·第16條線索	核心成果終於被行業內最頂級的機構無條件接受，你打開通知的那一刻，多日來的疲憊全部煙消雲散。	"財富:中性,快樂:中性,名譽:正向"	普通	"0,0,2"
從政	跨越世代的選民對談·第17條線索	成功申請到了著名的海外交流或資助計畫，不僅能全額報銷差旅費，還能前往夢寐以求的聖地進修。	"財富:正向,快樂:中性,名譽:中性"	普通	"25,0,0"
從政	來自政客的溫馨謝意·第18條線索	一場公開演說或產品發布會座無虛席，甚至連走廊都擠滿了慕名而來的聽眾，結束後全場起立掌聲雷動。	"財富:正向,快樂:中性,名譽:中性"	普通	"28,0,0"
從政	在議事廳的隱藏發現·第19條線索	在連續不吃不睡的極限拼搏後，你終於成功解開了困擾眾人長達半個世紀的致命瓶頸，令人刮目相看。	"財富:中性,快樂:正向,名譽:中性"	普通	"0,1,0"
從政	關於法案的靈魂共鳴·第20條線索	你長年悉心指導的得意門生或團隊成員斬獲行業大獎，他們在領獎時透過鏡頭特別公開感謝你的啟蒙。	"財富:中性,快樂:正向,名譽:中性"	普通	"0,2,0"
從政	核心法案獲頂級認證·第21條線索	在深夜迎來重大突破。你的付出得到了周遭的一致推崇，讓你在這條道路上更有信心，鋪設了極高的起點。	"財富:中性,快樂:中性,名譽:正向"	普通	"0,0,2"
從政	拿到海外政策資助·第22條線索	獲得了跨越世代的忘年交與高人指點。對方主動分享珍貴經驗，願意在關鍵時刻成為你的職涯引路人。	"財富:中性,快樂:中性,名譽:正向"	普通	"0,0,1"
從政	公開辯論大會座無虛席·第23條線索	迎來了溫馨的小心意。周圍人自發送來感謝與卡片，證明你的堅守與付出真正溫暖並改變了他人的人生。	"財富:中性,快樂:正向,名譽:中性"	普通	"0,1,0"
從政	成功破譯法案瓶頸·第24條線索	在古老檔案或廢棄角落裡，意外發現了隱藏的秘密。這項發現有可能填補行業空白，甚至改寫部分歷史。	"財富:中性,快樂:中性,名譽:正向"	普通	"0,0,2"
從政	指導的政客斬獲大獎·第25條線索	發起的交流沙龍吸引了各界精英加入，一場思想的激烈碰撞與交鋒，讓所有人都有了相見恨晚的共?。	"財富:中性,快樂:中性,名譽:正向"	普通	"0,0,2"
從政	受邀參加選民的私人夜宴·第26條線索	核心成果終於被行業內最頂級的機構無條件接受，你打開通知的那一刻，多日來的疲憊全部煙消雲散。	"財富:中性,快樂:正向,名譽:中性"	普通	"0,2,0"
從政	匿名校友的法案基金饋贈·第27條線索	成功申請到了著名的海外交流或資助計畫，不僅能全額報銷差旅費，還能前往夢寐以求的聖地進修。	"財富:中性,快樂:中性,名譽:正向"	普通	"0,0,2"
從政	因倡議技術破紀錄被引用·第28條線索	一場公開演說或產品發布會座無虛席，甚至連走廊都擠滿了慕名而來的聽眾，結束後全場起立掌聲雷動。	"財富:中性,快樂:正向,名譽:中性"	普通	"0,1,0"
從政	在舊市集淘到絕版法案·第29條線索	在連續不吃不睡的極限拼搏後，你終於成功解開了困擾眾人長達半個世紀的致命瓶頸，令人刮目相看。	"財富:正向,快樂:中性,名譽:中性"	普通	"23,0,0"
從政	跨領域的辯論靈感碰撞·第30條線索	你長年悉心指導的得意門生或團隊成員斬獲行業大獎，他們在領獎時透過鏡頭特別公開感謝你的啟蒙。	"財富:中性,快樂:正向,名譽:中性"	普通	"0,1,0"
從政	深夜的政策突破·第31條線索	在深夜迎來重大突破。你的付出得到了周遭的一致推崇，讓你在這條道路上更有信心，鋪設了極高的起點。	"財富:中性,快樂:正向,名譽:中性"	普通	"0,2,0"
從政	跨越世代的選民對談·第32條線索	獲得了跨越世代的忘年交與高人指點。對方主動分享珍貴經驗，願意在關鍵時刻成為你的職涯引路人。	"財富:中性,快樂:正向,名譽:中性"	普通	"0,1,0"
從政	來自政客的溫馨謝意·第33條線索	迎來了溫馨的小心意。周圍人自發送來感謝與卡片，證明你的堅守與付出真正溫暖並改變了他人的人生。	"財富:中性,快樂:正向,名譽:中性"	普通	"0,2,0"
從政	在議事廳的隱藏發現·第34條線索	在古老檔案或廢棄角落裡，意外發現了隱藏的秘密。這項發現有可能填補行業空白，甚至改寫部分歷史。	"財富:正向,快樂:中性,名譽:中性"	普通	"30,0,0"
從政	關於法案的靈魂共鳴·第35條線索	發起的交流沙龍吸引了各界精英加入，一場思想的激烈碰撞與交鋒，讓所有人都有了相見恨晚的共?。	"財富:正向,快樂:中性,名譽:中性"	普通	"26,0,0"
從政	核心法案遭同行惡意剽竊·第36條線索	你赫然發現自己尚未公開的核心創意與成果，竟然出現在了同單位另一位資深前輩的新作與章節中。	"財富:中性,快樂:負向,名譽:中性"	普通	"0,-1,0"
從政	資方無預警削減政策預算·第37條線索	由於校方或資方無預警削減相關預算，你的小組面臨經費斷絕、被迫解散核心助理與團隊的殘酷困境。	"財富:中性,快樂:負向,名譽:中性"	普通	"0,-1,0"
從政	發言遭斷章取義引發風波·第38條線索	你在公開場合的某段私下發言被有心人斷章取義並上傳至網絡，引發了巨大的輿論風波與官方關切。	"財富:中性,快樂:中性,名譽:負向"	普通	"0,0,-2"
從政	信任的政客私自帶走源碼·第39條線索	你長年信任的首席助理或合作夥伴在項目完成前夕，私自帶走了核心源碼與客戶資料跳槽到了競爭對手那裡。	"財富:中性,快樂:中性,名譽:負向"	普通	"0,0,-2"
從政	因過度投入政策而忽略家庭·第40條線索	你因為過度專注於這條職業道路而嚴重忽略了家庭與身心健康，深夜回到家時，四周只有無盡的寂靜與冷清。	"財富:負向,快樂:中性,名譽:中性"	普通	"-18,0,0"
從政	政策設備突發短路·第41條線索	由於突發的不可抗力設備短路，你苦心維護了半年的重要成果與觀測樣本在一夜之間全部失去活性。	"財富:中性,快樂:中性,名譽:負向"	普通	"0,0,-1"
從政	關鍵晉升遭選民惡意擱置·第42條線索	你提交的晉升或審評因背後的派系鬥爭遭到惡意擱置，相關機構寄來的延期信冷冰冰地躺在你的信箱裡。	"財富:中性,快樂:負向,名譽:中性"	普通	"0,-2,0"
從政	在辯論時當眾得罪權威·第43條線索	在關鍵的研討會或談判桌上，你當眾指出了一位資深權威的嚴重數據錯誤，現場氣氛瞬間降到冰點。	"財富:中性,快樂:中性,名譽:負向"	普通	"0,0,-1"
從政	精心撰寫的法案被駁回·第44條線索	你辛苦撰寫了數萬字的核心項目申請書，被資方委員會以缺乏可行性為由無情駁回，付出付諸東流。	"財富:中性,快樂:中性,名譽:負向"	普通	"0,0,-1"
從政	今天在議事廳陷入冷場·第45條線索	在今天的重要公開場合上，台下的聽眾全程反應冷淡，你的提問完全無人回應，陷入了無盡的尷尬。	"財富:中性,快樂:負向,名譽:中性"	普通	"0,-2,0"
從政	核心法案遭同行惡意剽竊·第46條線索	你赫然發現自己尚未公開的核心創意與成果，竟然出現在了同單位另一位資深前輩的新作與章節中。	"財富:負向,快樂:中性,名譽:中性"	普通	"-16,0,0"
從政	資方無預警削減政策預算·第47條線索	由於校方或資方無預警削減相關預算，你的小組面臨經費斷絕、被迫解散核心助理與團隊的殘酷困境。	"財富:負向,快樂:中性,名譽:中性"	普通	"-13,0,0"
從政	發言遭斷章取義引發風波·第48條線索	你在公開場合的某段私下發言被有心人斷章取義並上傳至網絡，引發了巨大的輿論風波與官方關切。	"財富:中性,快樂:中性,名譽:負向"	普通	"0,0,-2"
從政	信任的政客私自帶走源碼·第49條線索	你長年信任的首席助理或合作夥伴在項目完成前夕，私自帶走了核心源碼與客戶資料跳槽到了競爭對手那裡。	"財富:中性,快樂:負向,名譽:中性"	普通	"0,-1,0"
從政	因過度投入政策而忽略家庭·第50條線索	你因為過度專注於這條職業道路而嚴重忽略了家庭與身心健康，深夜回到家時，四周只有無盡的寂靜與冷清。	"財富:中性,快樂:負向,名譽:中性"	普通	"0,-1,0"
從政	核心法案獲頂級認證·第51條線索	在深夜迎來重大突破。你的付出得到了周遭的一致推崇，讓你在這條道路上更有信心，鋪設了極高的起點。	"財富:中性,快樂:正向,名譽:正向"	稀有	"0,3,4"
從政	拿到海外政策資助·第52條線索	獲得了跨越世代的忘年交與高人指點。對方主動分享珍貴經驗，願意在關鍵時刻成為你的職涯引路人。	"財富:中性,快樂:正向,名譽:正向"	稀有	"0,3,2"
從政	公開辯論大會座無虛席·第53條線索	迎來了溫馨的小心意。周圍人自發送來感謝與卡片，證明你的堅守與付出真正溫暖並改變了他人的人生。	"財富:中性,快樂:中性,名譽:正向"	稀有	"0,0,2"
從政	成功破譯法案瓶頸·第54條線索	在古老檔案或廢棄角落裡，意外發現了隱藏的秘密。這項發現有可能填補行業空白，甚至改寫部分歷史。	"財富:正向,快樂:中性,名譽:正向"	稀有	"36,0,2"
從政	指導的政客斬獲大獎·第55條線索	發起的交流沙龍吸引了各界精英加入，一場思想的激烈碰撞與交鋒，讓所有人都有了相見恨晚的共?。	"財富:中性,快樂:正向,名譽:正向"	稀有	"0,2,2"
從政	受邀參加選民的私人夜宴·第56條線索	核心成果終於被行業內最頂級的機構無條件接受，你打開通知的那一刻，多日來的疲憊全部煙消雲散。	"財富:正向,快樂:正向,名譽:中性"	稀有	"35,3,0"
從政	匿名校友的法案基金饋贈·第57條線索	成功申請到了著名的海外交流或資助計畫，不僅能全額報銷差旅費，還能前往夢寐以求的聖地進修。	"財富:中性,快樂:中性,名譽:正向"	稀有	"0,0,4"
從政	因倡議技術破紀錄被引用·第58條線索	一場公開演說或產品發布會座無虛席，甚至連走廊都擠滿了慕名而來的聽眾，結束後全場起立掌聲雷動。	"財富:中性,快樂:正向,名譽:中性"	稀有	"0,2,0"
從政	在舊市集淘到絕版法案·第59條線索	在連續不吃不睡的極限拼搏後，你終於成功解開了困擾眾人長達半個世紀的致命瓶頸，令人刮目相看。	"財富:中性,快樂:中性,名譽:正向"	稀有	"0,0,3"
從政	跨領域的辯論靈感碰撞·第60條線索	你長年悉心指導的得意門生或團隊成員斬獲行業大獎，他們在領獎時透過鏡頭特別公開感謝你的啟蒙。	"財富:中性,快樂:中性,名譽:正向"	稀有	"0,0,3"
從政	深夜的政策突破·第61條線索	在深夜迎來重大突破。你的付出得到了周遭的一致推崇，讓你在這條道路上更有信心，鋪設了極高的起點。	"財富:正向,快樂:中性,名譽:中性"	稀有	"39,0,0"
從政	跨越世代的選民對談·第62條線索	獲得了跨越世代的忘年交與高人指點。對方主動分享珍貴經驗，願意在關鍵時刻成為你的職涯引路人。	"財富:中性,快樂:正向,名譽:正向"	稀有	"0,3,2"
從政	來自政客的溫馨謝意·第63條線索	迎來了溫馨的小心意。周圍人自發送來感謝與卡片，證明你的堅守與付出真正溫暖並改變了他人的人生。	"財富:中性,快樂:正向,名譽:中性"	稀有	"0,3,0"
從政	在議事廳的隱藏發現·第64條線索	在古老檔案或廢棄角落裡，意外發現了隱藏的秘密。這項發現有可能填補行業空白，甚至改寫部分歷史。	"財富:正向,快樂:中性,名譽:中性"	稀有	"42,0,0"
從政	今天在議事廳陷入冷場·第65條線索	在今天的重要公開場合上，台下的聽眾全程反應冷淡，你的提問完全無人回應，陷入了無盡的尷尬。	"財富:負向,快樂:中性,名譽:負向"	稀有	"-31,0,-3"
從政	核心法案遭同行惡意剽竊·第66條線索	你赫然發現自己尚未公開的核心創意與成果，竟然出現在了同單位另一位資深前輩的新作與章節中。	"財富:負向,快樂:中性,名譽:負向"	稀有	"-32,0,-2"
從政	資方無預警削減政策預算·第67條線索	由於校方或資方無預警削減相關預算，你的小組面臨經費斷絕、被迫解散核心助理與團隊的殘酷困境。	"財富:中性,快樂:中性,名譽:負向"	稀有	"0,0,-2"
從政	發言遭斷章取義引發風波·第68條線索	你在公開場合的某段私下發言被有心人斷章取義並上傳至網絡，引發了巨大的輿論風波與官方關切。	"財富:中性,快樂:負向,名譽:負向"	稀有	"0,-2,-2"
從政	信任的政客私自帶走源碼·第69條線索	你長年信任的首席助理或合作夥伴在項目完成前夕，私自帶走了核心源碼與客戶資料跳槽到了競爭對手那裡。	"財富:中性,快樂:中性,名譽:負向"	稀有	"0,0,-3"
從政	因過度投入政策而忽略家庭·第70條線索	你因為過度專注於這條職業道路而嚴重忽略了家庭與身心健康，深夜回到家時，四周只有無盡的寂靜與冷清。	"財富:中性,快樂:中性,名譽:負向"	稀有	"0,0,-3"
從政	受邀參加選民的私人夜宴·第71條線索	在深夜迎來重大突破。你的付出得到了周遭的一致推崇，讓你在這條道路上更有信心，鋪設了極高的起點。	"財富:正向,快樂:正向,名譽:正向"	傳奇	"52,3,4"
從政	匿名校友的法案基金饋贈·第72條線索	獲得了跨越世代的忘年交與高人指點。對方主動分享珍貴經驗，願意在關鍵時刻成為你的職涯引路人。	"財富:正向,快樂:正向,名譽:中性"	傳奇	"59,4,0"
從政	因倡議技術破紀錄被引用·第73條線索	迎來了溫馨的小心意。周圍人自發送來感謝與卡片，證明你的堅守與付出真正溫暖並改變了他人的人生。	"財富:正向,快樂:正向,名譽:正向"	傳奇	"54,4,4"
從政	在舊市集淘到絕版法案·第74條線索	在古老檔案或廢棄角落裡，意外發現了隱藏的秘密。這項發現有可能填補行業空白，甚至改寫部分歷史。	"財富:正向,快樂:正向,名譽:中性"	傳奇	"58,3,0"
從政	今天在議事廳陷入冷場·第75條線索	在今天的重要公開場合上，台下的聽眾全程反應冷淡，你的提問完全無人回應，陷入了無盡的尷尬。	"財富:負向,快樂:中性,名譽:負向"	傳奇	"-41,0,-4"
電影明星	深夜的票房突破·第1條線索	在深夜迎來重大突破。你的付出得到了周遭的一致推崇，讓你在這條道路上更有信心，鋪設了極高的起點。	"財富:正向,快樂:中性,名譽:中性"	普通	"16,0,0"
電影明星	跨越世代的導演對談·第2條線索	獲得了跨越世代的忘年交與高人指點。對方主動分享珍貴經驗，願意在關鍵時刻成為你的職涯引路人。	"財富:正向,快樂:中性,名譽:中性"	普通	"24,0,0"
電影明星	來自粉絲的溫馨謝意·第3條線索	迎來了溫馨的小心意。周圍人自發送來感謝與卡片，證明你的堅守與付出真正溫暖並改變了他人的人生。	"財富:中性,快樂:中性,名譽:正向"	普通	"0,0,2"
電影明星	在好萊塢片場的隱藏發現·第4條線索	在古老檔案或廢棄角落裡，意外發現了隱藏的秘密。這項發現有可能填補行業空白，甚至改寫部分歷史。	"財富:中性,快樂:正向,名譽:中性"	普通	"0,1,0"
電影明星	關於劇本的靈魂共鳴·第5條線索	發起的交流沙龍吸引了各界精英加入，一場思想的激烈碰撞與交鋒，讓所有人都有了相見恨晚的共?。	"財富:中性,快樂:正向,名譽:中性"	普通	"0,2,0"
電影明星	核心劇本獲頂級認證·第6條線索	核心成果終於被行業內最頂級的機構無條件接受，你打開通知的那一刻，多日來的疲憊全部煙消雲散。	"財富:中性,快樂:中性,名譽:正向"	普通	"0,0,2"
電影明星	拿到海外票房資助·第7條線索	成功申請到了著名的海外交流或資助計畫，不僅能全額報銷差旅費，還能前往夢寐以求的聖地進修。	"財富:中性,快樂:正向,名譽:中性"	普通	"0,2,0"
電影明星	公開演出大會座無虛席·第8條線索	一場公開演說或產品發布會座無虛席，甚至連走廊都擠滿了慕名而來的聽眾，結束後全場起立掌聲雷動。	"財富:中性,快樂:正向,名譽:中性"	普通	"0,1,0"
電影明星	成功破譯劇本瓶頸·第9條線索	在連續不吃不睡的極限拼搏後，你終於成功解開了困擾眾人長達半個世紀的致命瓶頸，令人刮目相看。	"財富:中性,快樂:中性,名譽:正向"	普通	"0,0,1"
電影明星	指導的粉絲斬獲大獎·第10條線索	你長年悉心指導的得意門生或團隊成員斬獲行業大獎，他們在領獎時透過鏡頭特別公開感謝你的啟蒙。	"財富:中性,快樂:正向,名譽:中性"	普通	"0,2,0"
電影明星	受邀參加導演的私人夜宴·第11條線索	在深夜迎來重大突破。你的付出得到了周遭的一致推崇，讓你在這條道路上更有信心，鋪設了極高的起點。	"財富:中性,快樂:中性,名譽:正向"	普通	"0,0,2"
電影明星	匿名校友的劇本基金饋贈·第12條線索	獲得了跨越世代的忘年交與高人指點。對方主動分享珍貴經驗，願意在關鍵時刻成為你的職涯引路人。	"財富:正向,快樂:中性,名譽:中性"	普通	"17,0,0"
電影明星	因試鏡技術破紀錄被引用·第13條線索	迎來了溫馨的小心意。周圍人自發送來感謝與卡片，證明你的堅守與付出真正溫暖並改變了他人的人生。	"財富:正向,快樂:中性,名譽:中性"	普通	"15,0,0"
電影明星	在舊市集淘到絕版劇本·第14條線索	在古老檔案或廢棄角落裡，意外發現了隱藏的秘密。這項發現有可能填補行業空白，甚至改寫部分歷史。	"財富:中性,快樂:中性,名譽:正向"	普通	"0,0,2"
電影明星	跨領域的演出靈感碰撞·第15條線索	發起的交流沙龍吸引了各界精英加入，一場思想的激烈碰撞與交鋒，讓所有人都有了相見恨晚的共?。	"財富:中性,快樂:中性,名譽:正向"	普通	"0,0,1"
電影明星	深夜的票房突破·第16條線索	核心成果終於被行業內最頂級的機構無條件接受，你打開通知的那一刻，多日來的疲憊全部煙消雲散。	"財富:正向,快樂:中性,名譽:中性"	普通	"30,0,0"
電影明星	跨越世代的導演對談·第17條線索	成功申請到了著名的海外交流或資助計畫，不僅能全額報銷差旅費，還能前往夢寐以求的聖地進修。	"財富:中性,快樂:中性,名譽:正向"	普通	"0,0,2"
電影明星	來自粉絲的溫馨謝意·第18條線索	一場公開演說或產品發布會座無虛席，甚至連走廊都擠滿了慕名而來的聽眾，結束後全場起立掌聲雷動。	"財富:中性,快樂:正向,名譽:中性"	普通	"0,1,0"
電影明星	在好萊塢片場的隱藏發現·第19條線索	在連續不吃不睡的極限拼搏後，你終於成功解開了困擾眾人長達半個世紀的致命瓶頸，令人刮目相看。	"財富:中性,快樂:中性,名譽:正向"	普通	"0,0,2"
電影明星	關於劇本的靈魂共鳴·第20條線索	你長年悉心指導的得意門生或團隊成員斬獲行業大獎，他們在領獎時透過鏡頭特別公開感謝你的啟蒙。	"財富:中性,快樂:中性,名譽:正向"	普通	"0,0,2"
電影明星	核心劇本獲頂級認證·第21條線索	在深夜迎來重大突破。你的付出得到了周遭的一致推崇，讓你在這條道路上更有信心，鋪設了極高的起點。	"財富:正向,快樂:中性,名譽:中性"	普通	"30,0,0"
電影明星	拿到海外票房資助·第22條線索	獲得了跨越世代的忘年交與高人指點。對方主動分享珍貴經驗，願意在關鍵時刻成為你的職涯引路人。	"財富:中性,快樂:正向,名譽:中性"	普通	"0,2,0"
電影明星	公開演出大會座無虛席·第23條線索	迎來了溫馨的小心意。周圍人自發送來感謝與卡片，證明你的堅守與付出真正溫暖並改變了他人的人生。	"財富:中性,快樂:正向,名譽:中性"	普通	"0,2,0"
電影明星	成功破譯劇本瓶頸·第24條線索	在古老檔案或廢棄角落裡，意外發現了隱藏的秘密。這項發現有可能填補行業空白，甚至改寫部分歷史。	"財富:中性,快樂:中性,名譽:正向"	普通	"0,0,1"
電影明星	指導的粉絲斬獲大獎·第25條線索	發起的交流沙龍吸引了各界精英加入，一場思想的激烈碰撞與交鋒，讓所有人都有了相見恨晚的共?。	"財富:正向,快樂:中性,名譽:中性"	普通	"25,0,0"
電影明星	受邀參加導演的私人夜宴·第26條線索	核心成果終於被行業內最頂級的機構無條件接受，你打開通知的那一刻，多日來的疲憊全部煙消雲散。	"財富:中性,快樂:正向,名譽:中性"	普通	"0,2,0"
電影明星	匿名校友的劇本基金饋贈·第27條線索	成功申請到了著名的海外交流或資助計畫，不僅能全額報銷差旅費，還能前往夢寐以求的聖地進修。	"財富:中性,快樂:正向,名譽:中性"	普通	"0,2,0"
電影明星	因試鏡技術破紀錄被引用·第28條線索	一場公開演說或產品發布會座無虛席，甚至連走廊都擠滿了慕名而來的聽眾，結束後全場起立掌聲雷動。	"財富:中性,快樂:中性,名譽:正向"	普通	"0,0,1"
電影明星	在舊市集淘到絕版劇本·第29條線索	在連續不吃不睡的極限拼搏後，你終於成功解開了困擾眾人長達半個世紀的致命瓶頸，令人刮目相看。	"財富:中性,快樂:正向,名譽:中性"	普通	"0,1,0"
電影明星	跨領域的演出靈感碰撞·第30條線索	你長年悉心指導的得意門生或團隊成員斬獲行業大獎，他們在領獎時透過鏡頭特別公開感謝你的啟蒙。	"財富:中性,快樂:正向,名譽:中性"	普通	"0,2,0"
電影明星	深夜的票房突破·第31條線索	在深夜迎來重大突破。你的付出得到了周遭的一致推崇，讓你在這條道路上更有信心，鋪設了極高的起點。	"財富:中性,快樂:正向,名譽:中性"	普通	"0,1,0"
電影明星	跨越世代的導演對談·第32條線索	獲得了跨越世代的忘年交與高人指點。對方主動分享珍貴經驗，願意在關鍵時刻成為你的職涯引路人。	"財富:中性,快樂:正向,名譽:中性"	普通	"0,1,0"
電影明星	來自粉絲的溫馨謝意·第33條線索	迎來了溫馨的小心意。周圍人自發送來感謝與卡片，證明你的堅守與付出真正溫暖並改變了他人的人生。	"財富:中性,快樂:中性,名譽:正向"	普通	"0,0,2"
電影明星	在好萊塢片場的隱藏發現·第34條線索	在古老檔案或廢棄角落裡，意外發現了隱藏的秘密。這項發現有可能填補行業空白，甚至改寫部分歷史。	"財富:中性,快樂:正向,名譽:中性"	普通	"0,1,0"
電影明星	關於劇本的靈魂共鳴·第35條線索	發起的交流沙龍吸引了各界精英加入，一場思想的激烈碰撞與交鋒，讓所有人都有了相見恨晚的共?。	"財富:正向,快樂:中性,名譽:中性"	普通	"26,0,0"
電影明星	核心劇本遭同行惡意剽竊·第36條線索	你赫然發現自己尚未公開的核心創意與成果，竟然出現在了同單位另一位資深前輩的新作與章節中。	"財富:中性,快樂:中性,名譽:負向"	普通	"0,0,-1"
電影明星	資方無預警削減票房預算·第37條線索	由於校方或資方無預警削減相關預算，你的小組面臨經費斷絕、被迫解散核心助理與團隊的殘酷困境。	"財富:中性,快樂:中性,名譽:負向"	普通	"0,0,-1"
電影明星	發言遭斷章取義引發風波·第38條線索	你在公開場合的某段私下發言被有心人斷章取義並上傳至網絡，引發了巨大的輿論風波與官方關切。	"財富:負向,快樂:中性,名譽:中性"	普通	"-19,0,0"
電影明星	信任的粉絲私自帶走源碼·第39條線索	你長年信任的首席助理或合作夥伴在項目完成前夕，私自帶走了核心源碼與客戶資料跳槽到了競爭對手那裡。	"財富:中性,快樂:負向,名譽:中性"	普通	"0,-2,0"
電影明星	因過度投入票房而忽略家庭·第40條線索	你因為過度專注於這條職業道路而嚴重忽略了家庭與身心健康，深夜回到家時，四周只有無盡的寂靜與冷清。	"財富:中性,快樂:負向,名譽:中性"	普通	"0,-1,0"
電影明星	票房設備突發短路·第41條線索	由於突發的不可抗力設備短路，你苦心維護了半年的重要成果與觀測樣本在一夜之間全部失去活性。	"財富:中性,快樂:中性,名譽:負向"	普通	"0,0,-1"
電影明星	關鍵晉升遭導演惡意擱置·第42條線索	你提交的晉升或審評因背後的派系鬥爭遭到惡意擱置，相關機構寄來的延期信冷冰冰地躺在你的信箱裡。	"財富:負向,快樂:中性,名譽:中性"	普通	"-25,0,0"
電影明星	在演出時當眾得罪權威·第43條線索	在關鍵的研討會或談判桌上，你當眾指出了一位資深權威的嚴重數據錯誤，現場氣氛瞬間降到冰點。	"財富:中性,快樂:中性,名譽:負向"	普通	"0,0,-2"
電影明星	精心撰寫的劇本被駁回·第44條線索	你辛苦撰寫了數萬字的核心項目申請書，被資方委員會以缺乏可行性為由無情駁回，付出付諸東流。	"財富:中性,快樂:中性,名譽:負向"	普通	"0,0,-2"
電影明星	今天在好萊塢片場陷入冷場·第45條線索	在今天的重要公開場合上，台下的聽眾全程反應冷淡，你的提問完全無人回應，陷入了無盡的尷尬。	"財富:中性,快樂:負向,名譽:中性"	普通	"0,-2,0"
電影明星	核心劇本遭同行惡意剽竊·第46條線索	你赫然發現自己尚未公開的核心創意與成果，竟然出現在了同單位另一位資深前輩的新作與章節中。	"財富:中性,快樂:中性,名譽:負向"	普通	"0,0,-1"
電影明星	資方無預警削減票房預算·第47條線索	由於校方或資方無預警削減相關預算，你的小組面臨經費斷絕、被迫解散核心助理與團隊的殘酷困境。	"財富:負向,快樂:中性,名譽:中性"	普通	"-18,0,0"
電影明星	發言遭斷章取義引發風波·第48條線索	你在公開場合的某段私下發言被有心人斷章取義並上傳至網絡，引發了巨大的輿論風波與官方關切。	"財富:負向,快樂:中性,名譽:中性"	普通	"-11,0,0"
電影明星	信任的粉絲私自帶走源碼·第49條線索	你長年信任的首席助理或合作夥伴在項目完成前夕，私自帶走了核心源碼與客戶資料跳槽到了競爭對手那裡。	"財富:負向,快樂:中性,名譽:中性"	普通	"-21,0,0"
電影明星	因過度投入票房而忽略家庭·第50條線索	你因為過度專注於這條職業道路而嚴重忽略了家庭與身心健康，深夜回到家時，四周只有無盡的寂靜與冷清。	"財富:中性,快樂:負向,名譽:中性"	普通	"0,-1,0"
電影明星	核心劇本獲頂級認證·第51條線索	在深夜迎來重大突破。你的付出得到了周遭的一致推崇，讓你在這條道路上更有信心，鋪設了極高的起點。	"財富:中性,快樂:正向,名譽:正向"	稀有	"0,3,2"
電影明星	拿到海外票房資助·第52條線索	獲得了跨越世代的忘年交與高人指點。對方主動分享珍貴經驗，願意在關鍵時刻成為你的職涯引路人。	"財富:正向,快樂:中性,名譽:正向"	稀有	"42,0,2"
電影明星	公開演出大會座無虛席·第53條線索	迎來了溫馨的小心意。周圍人自發送來感謝與卡片，證明你的堅守與付出真正溫暖並改變了他人的人生。	"財富:正向,快樂:中性,名譽:中性"	稀有	"38,0,0"
電影明星	成功破譯劇本瓶頸·第54條線索	在古老檔案或廢棄角落裡，意外發現了隱藏的秘密。這項發現有可能填補行業空白，甚至改寫部分歷史。	"財富:中性,快樂:正向,名譽:正向"	稀有	"0,2,3"
電影明星	指導的粉絲斬獲大獎·第55條線索	發起的交流沙龍吸引了各界精英加入，一場思想的激烈碰撞與交鋒，讓所有人都有了相見恨晚的共?。	"財富:中性,快樂:正向,名譽:正向"	稀有	"0,2,3"
電影明星	受邀參加導演的私人夜宴·第56條線索	核心成果終於被行業內最頂級的機構無條件接受，你打開通知的那一刻，多日來的疲憊全部煙消雲散。	"財富:中性,快樂:正向,名譽:正向"	稀有	"0,3,3"
電影明星	匿名校友的劇本基金饋贈·第57條線索	成功申請到了著名的海外交流或資助計畫，不僅能全額報銷差旅費，還能前往夢寐以求的聖地進修。	"財富:正向,快樂:中性,名譽:正向"	稀有	"42,0,2"
電影明星	因試鏡技術破紀錄被引用·第58條線索	一場公開演說或產品發布會座無虛席，甚至連走廊都擠滿了慕名而來的聽眾，結束後全場起立掌聲雷動。	"財富:正向,快樂:正向,名譽:中性"	稀有	"45,3,0"
電影明星	在舊市集淘到絕版劇本·第59條線索	在連續不吃不睡的極限拼搏後，你終於成功解開了困擾眾人長達半個世紀的致命瓶頸，令人刮目相看。	"財富:正向,快樂:中性,名譽:正向"	稀有	"45,0,2"
電影明星	跨領域的演出靈感碰撞·第60條線索	你長年悉心指導的得意門生或團隊成員斬獲行業大獎，他們在領獎時透過鏡頭特別公開感謝你的啟蒙。	"財富:中性,快樂:中性,名譽:正向"	稀有	"0,0,4"
電影明星	深夜的票房突破·第61條線索	在深夜迎來重大突破。你的付出得到了周遭的一致推崇，讓你在這條道路上更有信心，鋪設了極高的起點。	"財富:正向,快樂:正向,名譽:中性"	稀有	"33,3,0"
電影明星	跨越世代的導演對談·第62條線索	獲得了跨越世代的忘年交與高人指點。對方主動分享珍貴經驗，願意在關鍵時刻成為你的職涯引路人。	"財富:中性,快樂:中性,名譽:正向"	稀有	"0,0,2"
電影明星	來自粉絲的溫馨謝意·第63條線索	迎來了溫馨的小心意。周圍人自發送來感謝與卡片，證明你的堅守與付出真正溫暖並改變了他人的人生。	"財富:正向,快樂:中性,名譽:正向"	稀有	"32,0,3"
電影明星	在好萊塢片場的隱藏發現·第64條線索	在古老檔案或廢棄角落裡，意外發現了隱藏的秘密。這項發現有可能填補行業空白，甚至改寫部分歷史。	"財富:中性,快樂:正向,名譽:正向"	稀有	"0,2,3"
電影明星	今天在好萊塢片場陷入冷場·第65條線索	在今天的重要公開場合上，台下的聽眾全程反應冷淡，你的提問完全無人回應，陷入了無盡的尷尬。	"財富:中性,快樂:負向,名譽:負向"	稀有	"0,-3,-3"
電影明星	核心劇本遭同行惡意剽竊·第66條線索	你赫然發現自己尚未公開的核心創意與成果，竟然出現在了同單位另一位資深前輩的新作與章節中。	"財富:中性,快樂:中性,名譽:負向"	稀有	"0,0,-2"
電影明星	資方無預警削減票房預算·第67條線索	由於校方或資方無預警削減相關預算，你的小組面臨經費斷絕、被迫解散核心助理與團隊的殘酷困境。	"財富:中性,快樂:中性,名譽:負向"	稀有	"0,0,-3"
電影明星	發言遭斷章取義引發風波·第68條線索	你在公開場合的某段私下發言被有心人斷章取義並上傳至網絡，引發了巨大的輿論風波與官方關切。	"財富:負向,快樂:中性,名譽:負向"	稀有	"-21,0,-3"
電影明星	信任的粉絲私自帶走源碼·第69條線索	你長年信任的首席助理或合作夥伴在項目完成前夕，私自帶走了核心源碼與客戶資料跳槽到了競爭對手那裡。	"財富:負向,快樂:中性,名譽:負向"	稀有	"-25,0,-3"
電影明星	因過度投入票房而忽略家庭·第70條線索	你因為過度專注於這條職業道路而嚴重忽略了家庭與身心健康，深夜回到家時，四周只有無盡的寂靜與冷清。	"財富:中性,快樂:負向,名譽:負向"	稀有	"0,-2,-3"
電影明星	受邀參加導演的私人夜宴·第71條線索	在深夜迎來重大突破。你的付出得到了周遭的一致推崇，讓你在這條道路上更有信心，鋪設了極高的起點。	"財富:中性,快樂:正向,名譽:正向"	傳奇	"0,3,4"
電影明星	匿名校友的劇本基金饋贈·第72條線索	獲得了跨越世代的忘年交與高人指點。對方主動分享珍貴經驗，願意在關鍵時刻成為你的職涯引路人。	"財富:正向,快樂:正向,名譽:中性"	傳奇	"52,4,0"
電影明星	因試鏡技術破紀錄被引用·第73條線索	迎來了溫馨的小心意。周圍人自發送來感謝與卡片，證明你的堅守與付出真正溫暖並改變了他人的人生。	"財富:正向,快樂:正向,名譽:中性"	傳奇	"53,4,0"
電影明星	在舊市集淘到絕版劇本·第74條線索	在古老檔案或廢棄角落裡，意外發現了隱藏的秘密。這項發現有可能填補行業空白，甚至改寫部分歷史。	"財富:正向,快樂:正向,名譽:正向"	傳奇	"54,3,4"
電影明星	今天在好萊塢片場陷入冷場·第75條線索	在今天的重要公開場合上，台下的聽眾全程反應冷淡，你的提問完全無人回應，陷入了無盡的尷尬。	"財富:負向,快樂:負向,名譽:負向"	傳奇	"-41,-4,-3"
航海	深夜的貨物突破·第1條線索	在深夜迎來重大突破。你的付出得到了周遭的一致推崇，讓你在這條道路上更有信心，鋪設了極高的起點。	"財富:正向,快樂:中性,名譽:中性"	普通	"27,0,0"
航海	跨越世代的水手對談·第2條線索	獲得了跨越世代的忘年交與高人指點。對方主動分享珍貴經驗，願意在關鍵時刻成為你的職涯引路人。	"財富:中性,快樂:正向,名譽:中性"	普通	"0,1,0"
航海	來自風暴的溫馨謝意·第3條線索	迎來了溫馨的小心意。周圍人自發送來感謝與卡片，證明你的堅守與付出真正溫暖並改變了他人的人生。	"財富:正向,快樂:中性,名譽:中性"	普通	"27,0,0"
航海	在不沉之艦的隱藏發現·第4條線索	在古老檔案或廢棄角落裡，意外發現了隱藏的秘密。這項發現有可能填補行業空白，甚至改寫部分歷史。	"財富:中性,快樂:中性,名譽:正向"	普通	"0,0,2"
航海	關於航線的靈魂共鳴·第5條線索	發起的交流沙龍吸引了各界精英加入，一場思想的激烈碰撞與交鋒，讓所有人都有了相見恨晚的共?。	"財富:中性,快樂:中性,名譽:正向"	普通	"0,0,2"
航海	核心航線獲頂級認證·第6條線索	核心成果終於被行業內最頂級的機構無條件接受，你打開通知的那一刻，多日來的疲憊全部煙消雲散。	"財富:中性,快樂:中性,名譽:正向"	普通	"0,0,2"
航海	拿到海外貨物資助·第7條線索	成功申請到了著名的海外交流或資助計畫，不僅能全額報銷差旅費，還能前往夢寐以求的聖地進修。	"財富:正向,快樂:中性,名譽:中性"	普通	"27,0,0"
航海	公開探險大會座無虛席·第8條線索	一場公開演說或產品發布會座無虛席，甚至連走廊都擠滿了慕名而來的聽眾，結束後全場起立掌聲雷動。	"財富:中性,快樂:正向,名譽:中性"	普通	"0,1,0"
航海	成功破譯航線瓶頸·第9條線索	在連續不吃不睡的極限拼搏後，你終於成功解開了困擾眾人長達半個世紀的致命瓶頸，令人刮目相看。	"財富:中性,快樂:中性,名譽:正向"	普通	"0,0,1"
航海	指導的風暴斬獲大獎·第10條線索	你長年悉心指導的得意門生或團隊成員斬獲行業大獎，他們在領獎時透過鏡頭特別公開感謝你的啟蒙。	"財富:中性,快樂:中性,名譽:正向"	普通	"0,0,2"
航海	受邀參加水手的私人夜宴·第11條線索	在深夜迎來重大突破。你的付出得到了周遭的一致推崇，讓你在這條道路上更有信心，鋪設了極高的起點。	"財富:中性,快樂:正向,名譽:中性"	普通	"0,1,0"
航海	匿名校友的航線基金饋贈·第12條線索	獲得了跨越世代的忘年交與高人指點。對方主動分享珍貴經驗，願意在關鍵時刻成為你的職涯引路人。	"財富:中性,快樂:中性,名譽:正向"	普通	"0,0,2"
航海	因操舵技術破紀錄被引用·第13條線索	迎來了溫馨的小心意。周圍人自發送來感謝與卡片，證明你的堅守與付出真正溫暖並改變了他人的人生。	"財富:正向,快樂:中性,名譽:中性"	普通	"21,0,0"
航海	在舊市集淘到絕版航線·第14條線索	在古老檔案或廢棄角落裡，意外發現了隱藏的秘密。這項發現有可能填補行業空白，甚至改寫部分歷史。	"財富:中性,快樂:中性,名譽:正向"	普通	"0,0,2"
航海	跨領域的探險靈感碰撞·第15條線索	發起的交流沙龍吸引了各界精英加入，一場思想的激烈碰撞與交鋒，讓所有人都有了相見恨晚的共?。	"財富:中性,快樂:中性,名譽:正向"	普通	"0,0,1"
航海	深夜的貨物突破·第16條線索	核心成果終於被行業內最頂級的機構無條件接受，你打開通知的那一刻，多日來的疲憊全部煙消雲散。	"財富:中性,快樂:中性,名譽:正向"	普通	"0,0,1"
航海	跨越世代的水手對談·第17條線索	成功申請到了著名的海外交流或資助計畫，不僅能全額報銷差旅費，還能前往夢寐以求的聖地進修。	"財富:中性,快樂:中性,名譽:正向"	普通	"0,0,1"
航海	來自風暴的溫馨謝意·第18條線索	一場公開演說或產品發布會座無虛席，甚至連走廊都擠滿了慕名而來的聽眾，結束後全場起立掌聲雷動。	"財富:中性,快樂:正向,名譽:中性"	普通	"0,2,0"
航海	在不沉之艦的隱藏發現·第19條線索	在連續不吃不睡的極限拼搏後，你終於成功解開了困擾眾人長達半個世紀的致命瓶頸，令人刮目相看。	"財富:正向,快樂:中性,名譽:中性"	普通	"26,0,0"
航海	關於航線的靈魂共鳴·第20條線索	你長年悉心指導的得意門生或團隊成員斬獲行業大獎，他們在領獎時透過鏡頭特別公開感謝你的啟蒙。	"財富:中性,快樂:中性,名譽:正向"	普通	"0,0,1"
航海	核心航線獲頂級認證·第21條線索	在深夜迎來重大突破。你的付出得到了周遭的一致推崇，讓你在這條道路上更有信心，鋪設了極高的起點。	"財富:正向,快樂:中性,名譽:中性"	普通	"24,0,0"
航海	拿到海外貨物資助·第22條線索	獲得了跨越世代的忘年交與高人指點。對方主動分享珍貴經驗，願意在關鍵時刻成為你的職涯引路人。	"財富:中性,快樂:正向,名譽:中性"	普通	"0,2,0"
航海	公開探險大會座無虛席·第23條線索	迎來了溫馨的小心意。周圍人自發送來感謝與卡片，證明你的堅守與付出真正溫暖並改變了他人的人生。	"財富:正向,快樂:中性,名譽:中性"	普通	"21,0,0"
航海	成功破譯航線瓶頸·第24條線索	在古老檔案或廢棄角落裡，意外發現了隱藏的秘密。這項發現有可能填補行業空白，甚至改寫部分歷史。	"財富:正向,快樂:中性,名譽:中性"	普通	"26,0,0"
航海	指導的風暴斬獲大獎·第25條線索	發起的交流沙龍吸引了各界精英加入，一場思想的激烈碰撞與交鋒，讓所有人都有了相見恨晚的共?。	"財富:中性,快樂:中性,名譽:正向"	普通	"0,0,2"
航海	受邀參加水手的私人夜宴·第26條線索	核心成果終於被行業內最頂級的機構無條件接受，你打開通知的那一刻，多日來的疲憊全部煙消雲散。	"財富:正向,快樂:中性,名譽:中性"	普通	"23,0,0"
航海	匿名校友的航線基金饋贈·第27條線索	成功申請到了著名的海外交流或資助計畫，不僅能全額報銷差旅費，還能前往夢寐以求的聖地進修。	"財富:中性,快樂:正向,名譽:中性"	普通	"0,2,0"
航海	因操舵技術破紀錄被引用·第28條線索	一場公開演說或產品發布會座無虛席，甚至連走廊都擠滿了慕名而來的聽眾，結束後全場起立掌聲雷動。	"財富:中性,快樂:中性,名譽:正向"	普通	"0,0,2"
航海	在舊市集淘到絕版航線·第29條線索	在連續不吃不睡的極限拼搏後，你終於成功解開了困擾眾人長達半個世紀的致命瓶頸，令人刮目相看。	"財富:正向,快樂:中性,名譽:中性"	普通	"29,0,0"
航海	跨領域的探險靈感碰撞·第30條線索	你長年悉心指導的得意門生或團隊成員斬獲行業大獎，他們在領獎時透過鏡頭特別公開感謝你的啟蒙。	"財富:正向,快樂:中性,名譽:中性"	普通	"19,0,0"
航海	深夜的貨物突破·第31條線索	在深夜迎來重大突破。你的付出得到了周遭的一致推崇，讓你在這條道路上更有信心，鋪設了極高的起點。	"財富:正向,快樂:中性,名譽:中性"	普通	"27,0,0"
航海	跨越世代的水手對談·第32條線索	獲得了跨越世代的忘年交與高人指點。對方主動分享珍貴經驗，願意在關鍵時刻成為你的職涯引路人。	"財富:中性,快樂:中性,名譽:正向"	普通	"0,0,2"
航海	來自風暴的溫馨謝意·第33條線索	迎來了溫馨的小心意。周圍人自發送來感謝與卡片，證明你的堅守與付出真正溫暖並改變了他人的人生。	"財富:正向,快樂:中性,名譽:中性"	普通	"27,0,0"
航海	在不沉之艦的隱藏發現·第34條線索	在古老檔案或廢棄角落裡，意外發現了隱藏的秘密。這項發現有可能填補行業空白，甚至改寫部分歷史。	"財富:正向,快樂:中性,名譽:中性"	普通	"23,0,0"
航海	關於航線的靈魂共鳴·第35條線索	發起的交流沙龍吸引了各界精英加入，一場思想的激烈碰撞與交鋒，讓所有人都有了相見恨晚的共?。	"財富:中性,快樂:中性,名譽:正向"	普通	"0,0,1"
航海	核心航線遭同行惡意剽竊·第36條線索	你赫然發現自己尚未公開的核心創意與成果，竟然出現在了同單位另一位資深前輩的新作與章節中。	"財富:中性,快樂:負向,名譽:中性"	普通	"0,-1,0"
航海	資方無預警削減貨物預算·第37條線索	由於校方或資方無預警削減相關預算，你的小組面臨經費斷絕、被迫解散核心助理與團隊的殘酷困境。	"財富:中性,快樂:中性,名譽:負向"	普通	"0,0,-1"
航海	發言遭斷章取義引發風波·第38條線索	你在公開場合的某段私下發言被有心人斷章取義並上傳至網絡，引發了巨大的輿論風波與官方關切。	"財富:中性,快樂:中性,名譽:負向"	普通	"0,0,-1"
航海	信任的風暴私自帶走源碼·第39條線索	你長年信任的首席助理或合作夥伴在項目完成前夕，私自帶走了核心源碼與客戶資料跳槽到了競爭對手那裡。	"財富:中性,快樂:中性,名譽:負向"	普通	"0,0,-1"
航海	因過度投入貨物而忽略家庭·第40條線索	你因為過度專注於這條職業道路而嚴重忽略了家庭與身心健康，深夜回到家時，四周只有無盡的寂靜與冷清。	"財富:負向,快樂:中性,名譽:中性"	普通	"-18,0,0"
航海	貨物設備突發短路·第41條線索	由於突發的不可抗力設備短路，你苦心維護了半年的重要成果與觀測樣本在一夜之間全部失去活性。	"財富:中性,快樂:負向,名譽:中性"	普通	"0,-2,0"
航海	關鍵晉升遭水手惡意擱置·第42條線索	你提交的晉升或審評因背後的派系鬥爭遭到惡意擱置，相關機構寄來的延期信冷冰冰地躺在你的信箱裡。	"財富:中性,快樂:中性,名譽:負向"	普通	"0,0,-1"
航海	在探險時當眾得罪權威·第43條線索	在關鍵的研討會或談判桌上，你當眾指出了一位資深權威的嚴重數據錯誤，現場氣氛瞬間降到冰點。	"財富:中性,快樂:中性,名譽:負向"	普通	"0,0,-2"
航海	精心撰寫的航線被駁回·第44條線索	你辛苦撰寫了數萬字的核心項目申請書，被資方委員會以缺乏可行性為由無情駁回，付出付諸東流。	"財富:中性,快樂:中性,名譽:負向"	普通	"0,0,-2"
航海	今天在不沉之艦陷入冷場·第45條線索	在今天的重要公開場合上，台下的聽眾全程反應冷淡，你的提問完全無人回應，陷入了無盡的尷尬。	"財富:中性,快樂:中性,名譽:負向"	普通	"0,0,-1"
航海	核心航線遭同行惡意剽竊·第46條線索	你赫然發現自己尚未公開的核心創意與成果，竟然出現在了同單位另一位資深前輩的新作與章節中。	"財富:中性,快樂:中性,名譽:負向"	普通	"0,0,-1"
航海	資方無預警削減貨物預算·第47條線索	由於校方或資方無預警削減相關預算，你的小組面臨經費斷絕、被迫解散核心助理與團隊的殘酷困境。	"財富:中性,快樂:中性,名譽:負向"	普通	"0,0,-1"
航海	發言遭斷章取義引發風波·第48條線索	你在公開場合的某段私下發言被有心人斷章取義並上傳至網絡，引發了巨大的輿論風波與官方關切。	"財富:負向,快樂:中性,名譽:中性"	普通	"-21,0,0"
航海	信任的風暴私自帶走源碼·第49條線索	你長年信任的首席助理或合作夥伴在項目完成前夕，私自帶走了核心源碼與客戶資料跳槽到了競爭對手那裡。	"財富:負向,快樂:中性,名譽:中性"	普通	"-24,0,0"
航海	因過度投入貨物而忽略家庭·第50條線索	你因為過度專注於這條職業道路而嚴重忽略了家庭與身心健康，深夜回到家時，四周只有無盡的寂靜與冷清。	"財富:中性,快樂:負向,名譽:中性"	普通	"0,-1,0"
航海	核心航線獲頂級認證·第51條線索	在深夜迎來重大突破。你的付出得到了周遭的一致推崇，讓你在這條道路上更有信心，鋪設了極高的起點。	"財富:正向,快樂:中性,名譽:中性"	稀有	"37,0,0"
航海	拿到海外貨物資助·第52條線索	獲得了跨越世代的忘年交與高人指點。對方主動分享珍貴經驗，願意在關鍵時刻成為你的職涯引路人。	"財富:中性,快樂:正向,名譽:中性"	稀有	"0,3,0"
航海	公開探險大會座無虛席·第53條線索	迎來了溫馨的小心意。周圍人自發送來感謝與卡片，證明你的堅守與付出真正溫暖並改變了他人的人生。	"財富:中性,快樂:正向,名譽:正向"	稀有	"0,2,3"
航海	成功破譯航線瓶頸·第54條線索	在古老檔案或廢棄角落裡，意外發現了隱藏的秘密。這項發現有可能填補行業空白，甚至改寫部分歷史。	"財富:中性,快樂:正向,名譽:中性"	稀有	"0,3,0"
航海	指導的風暴斬獲大獎·第55條線索	發起的交流沙龍吸引了各界精英加入，一場思想的激烈碰撞與交鋒，讓所有人都有了相見恨晚的共?。	"財富:正向,快樂:正向,名譽:中性"	稀有	"36,3,0"
航海	受邀參加水手的私人夜宴·第56條線索	核心成果終於被行業內最頂級的機構無條件接受，你打開通知的那一刻，多日來的疲憊全部煙消雲散。	"財富:正向,快樂:正向,名譽:中性"	稀有	"33,3,0"
航海	匿名校友的航線基金饋贈·第57條線索	成功申請到了著名的海外交流或資助計畫，不僅能全額報銷差旅費，還能前往夢寐以求的聖地進修。	"財富:正向,快樂:正向,名譽:中性"	稀有	"38,2,0"
航海	因操舵技術破紀錄被引用·第58條線索	一場公開演說或產品發布會座無虛席，甚至連走廊都擠滿了慕名而來的聽眾，結束後全場起立掌聲雷動。	"財富:中性,快樂:正向,名譽:中性"	稀有	"0,2,0"
航海	在舊市集淘到絕版航線·第59條線索	在連續不吃不睡的極限拼搏後，你終於成功解開了困擾眾人長達半個世紀的致命瓶頸，令人刮目相看。	"財富:中性,快樂:中性,名譽:正向"	稀有	"0,0,4"
航海	跨領域的探險靈感碰撞·第60條線索	你長年悉心指導的得意門生或團隊成員斬獲行業大獎，他們在領獎時透過鏡頭特別公開感謝你的啟蒙。	"財富:正向,快樂:中性,名譽:中性"	稀有	"40,0,0"
航海	深夜的貨物突破·第61條線索	在深夜迎來重大突破。你的付出得到了周遭的一致推崇，讓你在這條道路上更有信心，鋪設了極高的起點。	"財富:正向,快樂:中性,名譽:中性"	稀有	"36,0,0"
航海	跨越世代的水手對談·第62條線索	獲得了跨越世代的忘年交與高人指點。對方主動分享珍貴經驗，願意在關鍵時刻成為你的職涯引路人。	"財富:中性,快樂:中性,名譽:正向"	稀有	"0,0,2"
航海	來自風暴的溫馨謝意·第63條線索	迎來了溫馨的小心意。周圍人自發送來感謝與卡片，證明你的堅守與付出真正溫暖並改變了他人的人生。	"財富:正向,快樂:中性,名譽:中性"	稀有	"40,0,0"
航海	在不沉之艦的隱藏發現·第64條線索	在古老檔案或廢棄角落裡，意外發現了隱藏的秘密。這項發現有可能填補行業空白，甚至改寫部分歷史。	"財富:中性,快樂:中性,名譽:正向"	稀有	"0,0,2"
航海	今天在不沉之艦陷入冷場·第65條線索	在今天的重要公開場合上，台下的聽眾全程反應冷淡，你的提問完全無人回應，陷入了無盡的尷尬。	"財富:負向,快樂:中性,名譽:負向"	稀有	"-27,0,-3"
航海	核心航線遭同行惡意剽竊·第66條線索	你赫然發現自己尚未公開的核心創意與成果，竟然出現在了同單位另一位資深前輩的新作與章節中。	"財富:中性,快樂:中性,名譽:負向"	稀有	"0,0,-3"
航海	資方無預警削減貨物預算·第67條線索	由於校方或資方無預警削減相關預算，你的小組面臨經費斷絕、被迫解散核心助理與團隊的殘酷困境。	"財富:負向,快樂:中性,名譽:中性"	稀有	"-24,0,0"
航海	發言遭斷章取義引發風波·第68條線索	你在公開場合的某段私下發言被有心人斷章取義並上傳至網絡，引發了巨大的輿論風波與官方關切。	"財富:中性,快樂:中性,名譽:負向"	稀有	"0,0,-2"
航海	信任的風暴私自帶走源碼·第69條線索	你長年信任的首席助理或合作夥伴在項目完成前夕，私自帶走了核心源碼與客戶資料跳槽到了競爭對手那裡。	"財富:負向,快樂:中性,名譽:中性"	稀有	"-27,0,0"
航海	因過度投入貨物而忽略家庭·第70條線索	你因為過度專注於這條職業道路而嚴重忽略了家庭與身心健康，深夜回到家時，四周只有無盡的寂靜與冷清。	"財富:負向,快樂:中性,名譽:中性"	稀有	"-22,0,0"
航海	受邀參加水手的私人夜宴·第71條線索	在深夜迎來重大突破。你的付出得到了周遭的一致推崇，讓你在這條道路上更有信心，鋪設了極高的起點。	"財富:正向,快樂:中性,名譽:正向"	傳奇	"60,0,5"
航海	匿名校友的航線基金饋贈·第72條線索	獲得了跨越世代的忘年交與高人指點。對方主動分享珍貴經驗，願意在關鍵時刻成為你的職涯引路人。	"財富:正向,快樂:正向,名譽:正向"	傳奇	"52,3,5"
航海	因操舵技術破紀錄被引用·第73條線索	迎來了溫馨的小心意。周圍人自發送來感謝與卡片，證明你的堅守與付出真正溫暖並改變了他人的人生。	"財富:正向,快樂:正向,名譽:正向"	傳奇	"60,4,5"
航海	在舊市集淘到絕版航線·第74條線索	在古老檔案或廢棄角落裡，意外發現了隱藏的秘密。這項發現有可能填補行業空白，甚至改寫部分歷史。	"財富:中性,快樂:正向,名譽:正向"	傳奇	"0,3,4"
航海	今天在不沉之艦陷入冷場·第75條線索	在今天的重要公開場合上，台下的聽眾全程反應冷淡，你的提問完全無人回應，陷入了無盡的尷尬。	"財富:負向,快樂:負向,名譽:負向"	傳奇	"-43,-4,-3"
月球探險	深夜的信號突破·第1條線索	在深夜迎來重大突破。你的付出得到了周遭的一致推崇，讓你在這條道路上更有信心，鋪設了極高的起點。	"財富:中性,快樂:正向,名譽:中性"	普通	"0,2,0"
月球探險	跨越世代的基地對談·第2條線索	獲得了跨越世代的忘年交與高人指點。對方主動分享珍貴經驗，願意在關鍵時刻成為你的職涯引路人。	"財富:中性,快樂:正向,名譽:中性"	普通	"0,2,0"
月球探險	來自宇航員的溫馨謝意·第3條線索	迎來了溫馨的小心意。周圍人自發送來感謝與卡片，證明你的堅守與付出真正溫暖並改變了他人的人生。	"財富:正向,快樂:中性,名譽:中性"	普通	"18,0,0"
月球探險	在穹頂艙區的隱藏發現·第4條線索	在古老檔案或廢棄角落裡，意外發現了隱藏的秘密。這項發現有可能填補行業空白，甚至改寫部分歷史。	"財富:中性,快樂:中性,名譽:正向"	普通	"0,0,1"
月球探險	關於月壤的靈魂共鳴·第5條線索	發起的交流沙龍吸引了各界精英加入，一場思想的激烈碰撞與交鋒，讓所有人都有了相見恨晚的共?。	"財富:中性,快樂:正向,名譽:中性"	普通	"0,2,0"
月球探險	核心月壤獲頂級認證·第6條線索	核心成果終於被行業內最頂級的機構無條件接受，你打開通知的那一刻，多日來的疲憊全部煙消雲散。	"財富:正向,快樂:中性,名譽:中性"	普通	"28,0,0"
月球探險	拿到海外信號資助·第7條線索	成功申請到了著名的海外交流或資助計畫，不僅能全額報銷差旅費，還能前往夢寐以求的聖地進修。	"財富:中性,快樂:正向,名譽:中性"	普通	"0,2,0"
月球探險	公開勘測大會座無虛席·第8條線索	一場公開演說或產品發布會座無虛席，甚至連走廊都擠滿了慕名而來的聽眾，結束後全場起立掌聲雷動。	"財富:中性,快樂:正向,名譽:中性"	普通	"0,2,0"
月球探險	成功破譯月壤瓶頸·第9條線索	在連續不吃不睡的極限拼搏後，你終於成功解開了困擾眾人長達半個世紀的致命瓶頸，令人刮目相看。	"財富:中性,快樂:中性,名譽:正向"	普通	"0,0,1"
月球探險	指導的宇航員斬獲大獎·第10條線索	你長年悉心指導的得意門生或團隊成員斬獲行業大獎，他們在領獎時透過鏡頭特別公開感謝你的啟蒙。	"財富:中性,快樂:正向,名譽:中性"	普通	"0,2,0"
月球探險	受邀參加基地的私人夜宴·第11條線索	在深夜迎來重大突破。你的付出得到了周遭的一致推崇，讓你在這條道路上更有信心，鋪設了極高的起點。	"財富:中性,快樂:正向,名譽:中性"	普通	"0,2,0"
月球探險	匿名校友的月壤基金饋贈·第12條線索	獲得了跨越世代的忘年交與高人指點。對方主動分享珍貴經驗，願意在關鍵時刻成為你的職涯引路人。	"財富:中性,快樂:正向,名譽:中性"	普通	"0,1,0"
月球探險	因對接技術破紀錄被引用·第13條線索	迎來了溫馨的小心意。周圍人自發送來感謝與卡片，證明你的堅守與付出真正溫暖並改變了他人的人生。	"財富:中性,快樂:中性,名譽:正向"	普通	"0,0,2"
月球探險	在舊市集淘到絕版月壤·第14條線索	在古老檔案或廢棄角落裡，意外發現了隱藏的秘密。這項發現有可能填補行業空白，甚至改寫部分歷史。	"財富:正向,快樂:中性,名譽:中性"	普通	"17,0,0"
月球探險	跨領域的勘測靈感碰撞·第15條線索	發起的交流沙龍吸引了各界精英加入，一場思想的激烈碰撞與交鋒，讓所有人都有了相見恨晚的共?。	"財富:正向,快樂:中性,名譽:中性"	普通	"17,0,0"
月球探險	深夜的信號突破·第16條線索	核心成果終於被行業內最頂級的機構無條件接受，你打開通知的那一刻，多日來的疲憊全部煙消雲散。	"財富:中性,快樂:正向,名譽:中性"	普通	"0,1,0"
月球探險	跨越世代的基地對談·第17條線索	成功申請到了著名的海外交流或資助計畫，不僅能全額報銷差旅費，還能前往夢寐以求的聖地進修。	"財富:中性,快樂:中性,名譽:正向"	普通	"0,0,2"
月球探險	來自宇航員的溫馨謝意·第18條線索	一場公開演說或產品發布會座無虛席，甚至連走廊都擠滿了慕名而來的聽眾，結束後全場起立掌聲雷動。	"財富:正向,快樂:中性,名譽:中性"	普通	"16,0,0"
月球探險	在穹頂艙區的隱藏發現·第19條線索	在連續不吃不睡的極限拼搏後，你終於成功解開了困擾眾人長達半個世紀的致命瓶頸，令人刮目相看。	"財富:中性,快樂:中性,名譽:正向"	普通	"0,0,2"
月球探險	關於月壤的靈魂共鳴·第20條線索	你長年悉心指導的得意門生或團隊成員斬獲行業大獎，他們在領獎時透過鏡頭特別公開感謝你的啟蒙。	"財富:中性,快樂:中性,名譽:正向"	普通	"0,0,1"
月球探險	核心月壤獲頂級認證·第21條線索	在深夜迎來重大突破。你的付出得到了周遭的一致推崇，讓你在這條道路上更有信心，鋪設了極高的起點。	"財富:中性,快樂:正向,名譽:中性"	普通	"0,2,0"
月球探險	拿到海外信號資助·第22條線索	獲得了跨越世代的忘年交與高人指點。對方主動分享珍貴經驗，願意在關鍵時刻成為你的職涯引路人。	"財富:中性,快樂:中性,名譽:正向"	普通	"0,0,2"
月球探險	公開勘測大會座無虛席·第23條線索	迎來了溫馨的小心意。周圍人自發送來感謝與卡片，證明你的堅守與付出真正溫暖並改變了他人的人生。	"財富:中性,快樂:中性,名譽:正向"	普通	"0,0,1"
月球探險	成功破譯月壤瓶頸·第24條線索	在古老檔案或廢棄角落裡，意外發現了隱藏的秘密。這項發現有可能填補行業空白，甚至改寫部分歷史。	"財富:中性,快樂:正向,名譽:中性"	普通	"0,2,0"
月球探險	指導的宇航員斬獲大獎·第25條線索	發起的交流沙龍吸引了各界精英加入，一場思想的激烈碰撞與交鋒，讓所有人都有了相見恨晚的共?。	"財富:中性,快樂:正向,名譽:中性"	普通	"0,1,0"
月球探險	受邀參加基地的私人夜宴·第26條線索	核心成果終於被行業內最頂級的機構無條件接受，你打開通知的那一刻，多日來的疲憊全部煙消雲散。	"財富:中性,快樂:中性,名譽:正向"	普通	"0,0,1"
月球探險	匿名校友的月壤基金饋贈·第27條線索	成功申請到了著名的海外交流或資助計畫，不僅能全額報銷差旅費，還能前往夢寐以求的聖地進修。	"財富:正向,快樂:中性,名譽:中性"	普通	"30,0,0"
月球探險	因對接技術破紀錄被引用·第28條線索	一場公開演說或產品發布會座無虛席，甚至連走廊都擠滿了慕名而來的聽眾，結束後全場起立掌聲雷動。	"財富:正向,快樂:中性,名譽:中性"	普通	"18,0,0"
月球探險	在舊市集淘到絕版月壤·第29條線索	在連續不吃不睡的極限拼搏後，你終於成功解開了困擾眾人長達半個世紀的致命瓶頸，令人刮目相看。	"財富:中性,快樂:正向,名譽:中性"	普通	"0,2,0"
月球探險	跨領域的勘測靈感碰撞·第30條線索	你長年悉心指導的得意門生或團隊成員斬獲行業大獎，他們在領獎時透過鏡頭特別公開感謝你的啟蒙。	"財富:正向,快樂:中性,名譽:中性"	普通	"23,0,0"
月球探險	深夜的信號突破·第31條線索	在深夜迎來重大突破。你的付出得到了周遭的一致推崇，讓你在這條道路上更有信心，鋪設了極高的起點。	"財富:中性,快樂:中性,名譽:正向"	普通	"0,0,1"
月球探險	跨越世代的基地對談·第32條線索	獲得了跨越世代的忘年交與高人指點。對方主動分享珍貴經驗，願意在關鍵時刻成為你的職涯引路人。	"財富:中性,快樂:正向,名譽:中性"	普通	"0,1,0"
月球探險	來自宇航員的溫馨謝意·第33條線索	迎來了溫馨的小心意。周圍人自發送來感謝與卡片，證明你的堅守與付出真正溫暖並改變了他人的人生。	"財富:中性,快樂:中性,名譽:正向"	普通	"0,0,2"
月球探險	在穹頂艙區的隱藏發現·第34條線索	在古老檔案或廢棄角落裡，意外發現了隱藏的秘密。這項發現有可能填補行業空白，甚至改寫部分歷史。	"財富:正向,快樂:中性,名譽:中性"	普通	"20,0,0"
月球探險	關於月壤的靈魂共鳴·第35條線索	發起的交流沙龍吸引了各界精英加入，一場思想的激烈碰撞與交鋒，讓所有人都有了相見恨晚的共?。	"財富:中性,快樂:正向,名譽:中性"	普通	"0,2,0"
月球探險	核心月壤遭同行惡意剽竊·第36條線索	你赫然發現自己尚未公開的核心創意與成果，竟然出現在了同單位另一位資深前輩的新作與章節中。	"財富:中性,快樂:負向,名譽:中性"	普通	"0,-1,0"
月球探險	資方無預警削減信號預算·第37條線索	由於校方或資方無預警削減相關預算，你的小組面臨經費斷絕、被迫解散核心助理與團隊的殘酷困境。	"財富:負向,快樂:中性,名譽:中性"	普通	"-20,0,0"
月球探險	發言遭斷章取義引發風波·第38條線索	你在公開場合的某段私下發言被有心人斷章取義並上傳至網絡，引發了巨大的輿論風波與官方關切。	"財富:負向,快樂:中性,名譽:中性"	普通	"-13,0,0"
月球探險	信任的宇航員私自帶走源碼·第39條線索	你長年信任的首席助理或合作夥伴在項目完成前夕，私自帶走了核心源碼與客戶資料跳槽到了競爭對手那裡。	"財富:負向,快樂:中性,名譽:中性"	普通	"-21,0,0"
月球探險	因過度投入信號而忽略家庭·第40條線索	你因為過度專注於這條職業道路而嚴重忽略了家庭與身心健康，深夜回到家時，四周只有無盡的寂靜與冷清。	"財富:中性,快樂:中性,名譽:負向"	普通	"0,0,-2"
月球探險	信號設備突發短路·第41條線索	由於突發的不可抗力設備短路，你苦心維護了半年的重要成果與觀測樣本在一夜之間全部失去活性。	"財富:負向,快樂:中性,名譽:中性"	普通	"-19,0,0"
月球探險	關鍵晉升遭基地惡意擱置·第42條線索	你提交的晉升或審評因背後的派系鬥爭遭到惡意擱置，相關機構寄來的延期信冷冰冰地躺在你的信箱裡。	"財富:中性,快樂:負向,名譽:中性"	普通	"0,-1,0"
月球探險	在勘測時當眾得罪權威·第43條線索	在關鍵的研討會或談判桌上，你當眾指出了一位資深權威的嚴重數據錯誤，現場氣氛瞬間降到冰點。	"財富:中性,快樂:負向,名譽:中性"	普通	"0,-1,0"
月球探險	精心撰寫的月壤被駁回·第44條線索	你辛苦撰寫了數萬字的核心項目申請書，被資方委員會以缺乏可行性為由無情駁回，付出付諸東流。	"財富:負向,快樂:中性,名譽:中性"	普通	"-14,0,0"
月球探險	今天在穹頂艙區陷入冷場·第45條線索	在今天的重要公開場合上，台下的聽眾全程反應冷淡，你的提問完全無人回應，陷入了無盡的尷尬。	"財富:中性,快樂:負向,名譽:中性"	普通	"0,-1,0"
月球探險	核心月壤遭同行惡意剽竊·第46條線索	你赫然發現自己尚未公開的核心創意與成果，竟然出現在了同單位另一位資深前輩的新作與章節中。	"財富:中性,快樂:中性,名譽:負向"	普通	"0,0,-2"
月球探險	資方無預警削減信號預算·第47條線索	由於校方或資方無預警削減相關預算，你的小組面臨經費斷絕、被迫解散核心助理與團隊的殘酷困境。	"財富:負向,快樂:中性,名譽:中性"	普通	"-21,0,0"
月球探險	發言遭斷章取義引發風波·第48條線索	你在公開場合的某段私下發言被有心人斷章取義並上傳至網絡，引發了巨大的輿論風波與官方關切。	"財富:負向,快樂:中性,名譽:中性"	普通	"-24,0,0"
月球探險	信任的宇航員私自帶走源碼·第49條線索	你長年信任的首席助理或合作夥伴在項目完成前夕，私自帶走了核心源碼與客戶資料跳槽到了競爭對手那裡。	"財富:中性,快樂:中性,名譽:負向"	普通	"0,0,-2"
月球探險	因過度投入信號而忽略家庭·第50條線索	你因為過度專注於這條職業道路而嚴重忽略了家庭與身心健康，深夜回到家時，四周只有無盡的寂靜與冷清。	"財富:中性,快樂:負向,名譽:中性"	普通	"0,-1,0"
月球探險	核心月壤獲頂級認證·第51條線索	在深夜迎來重大突破。你的付出得到了周遭的一致推崇，讓你在這條道路上更有信心，鋪設了極高的起點。	"財富:中性,快樂:正向,名譽:正向"	稀有	"0,3,3"
月球探險	拿到海外信號資助·第52條線索	獲得了跨越世代的忘年交與高人指點。對方主動分享珍貴經驗，願意在關鍵時刻成為你的職涯引路人。	"財富:中性,快樂:中性,名譽:正向"	稀有	"0,0,2"
月球探險	公開勘測大會座無虛席·第53條線索	迎來了溫馨的小心意。周圍人自發送來感謝與卡片，證明你的堅守與付出真正溫暖並改變了他人的人生。	"財富:正向,快樂:正向,名譽:中性"	稀有	"39,3,0"
月球探險	成功破譯月壤瓶頸·第54條線索	在古老檔案或廢棄角落裡，意外發現了隱藏的秘密。這項發現有可能填補行業空白，甚至改寫部分歷史。	"財富:正向,快樂:中性,名譽:正向"	稀有	"42,0,4"
月球探險	指導的宇航員斬獲大獎·第55條線索	發起的交流沙龍吸引了各界精英加入，一場思想的激烈碰撞與交鋒，讓所有人都有了相見恨晚的共?。	"財富:正向,快樂:中性,名譽:中性"	稀有	"36,0,0"
月球探險	受邀參加基地的私人夜宴·第56條線索	核心成果終於被行業內最頂級的機構無條件接受，你打開通知的那一刻，多日來的疲憊全部煙消雲散。	"財富:正向,快樂:中性,名譽:正向"	稀有	"38,0,3"
月球探險	匿名校友的月壤基金饋贈·第57條線索	成功申請到了著名的海外交流或資助計畫，不僅能全額報銷差旅費，還能前往夢寐以求的聖地進修。	"財富:正向,快樂:中性,名譽:正向"	稀有	"45,0,4"
月球探險	因對接技術破紀錄被引用·第58條線索	一場公開演說或產品發布會座無虛席，甚至連走廊都擠滿了慕名而來的聽眾，結束後全場起立掌聲雷動。	"財富:正向,快樂:中性,名譽:正向"	稀有	"42,0,4"
月球探險	在舊市集淘到絕版月壤·第59條線索	在連續不吃不睡的極限拼搏後，你終於成功解開了困擾眾人長達半個世紀的致命瓶頸，令人刮目相看。	"財富:中性,快樂:中性,名譽:正向"	稀有	"0,0,4"
月球探險	跨領域的勘測靈感碰撞·第60條線索	你長年悉心指導的得意門生或團隊成員斬獲行業大獎，他們在領獎時透過鏡頭特別公開感謝你的啟蒙。	"財富:正向,快樂:正向,名譽:中性"	稀有	"31,3,0"
月球探險	深夜的信號突破·第61條線索	在深夜迎來重大突破。你的付出得到了周遭的一致推崇，讓你在這條道路上更有信心，鋪設了極高的起點。	"財富:中性,快樂:正向,名譽:中性"	稀有	"0,2,0"
月球探險	跨越世代的基地對談·第62條線索	獲得了跨越世代的忘年交與高人指點。對方主動分享珍貴經驗，願意在關鍵時刻成為你的職涯引路人。	"財富:中性,快樂:正向,名譽:正向"	稀有	"0,3,4"
月球探險	來自宇航員的溫馨謝意·第63條線索	迎來了溫馨的小心意。周圍人自發送來感謝與卡片，證明你的堅守與付出真正溫暖並改變了他人的人生。	"財富:正向,快樂:正向,名譽:中性"	稀有	"42,2,0"
月球探險	在穹頂艙區的隱藏發現·第64條線索	在古老檔案或廢棄角落裡，意外發現了隱藏的秘密。這項發現有可能填補行業空白，甚至改寫部分歷史。	"財富:正向,快樂:正向,名譽:中性"	稀有	"41,2,0"
月球探險	今天在穹頂艙區陷入冷場·第65條線索	在今天的重要公開場合上，台下的聽眾全程反應冷淡，你的提問完全無人回應，陷入了無盡的尷尬。	"財富:負向,快樂:中性,名譽:負向"	稀有	"-22,0,-2"
月球探險	核心月壤遭同行惡意剽竊·第66條線索	你赫然發現自己尚未公開的核心創意與成果，竟然出現在了同單位另一位資深前輩的新作與章節中。	"財富:中性,快樂:負向,名譽:中性"	稀有	"0,-2,0"
月球探險	資方無預警削減信號預算·第67條線索	由於校方或資方無預警削減相關預算，你的小組面臨經費斷絕、被迫解散核心助理與團隊的殘酷困境。	"財富:負向,快樂:負向,名譽:中性"	稀有	"-30,-3,0"
月球探險	發言遭斷章取義引發風波·第68條線索	你在公開場合的某段私下發言被有心人斷章取義並上傳至網絡，引發了巨大的輿論風波與官方關切。	"財富:中性,快樂:中性,名譽:負向"	稀有	"0,0,-3"
月球探險	信任的宇航員私自帶走源碼·第69條線索	你長年信任的首席助理或合作夥伴在項目完成前夕，私自帶走了核心源碼與客戶資料跳槽到了競爭對手那裡。	"財富:負向,快樂:負向,名譽:中性"	稀有	"-28,-3,0"
月球探險	因過度投入信號而忽略家庭·第70條線索	你因為過度專注於這條職業道路而嚴重忽略了家庭與身心健康，深夜回到家時，四周只有無盡的寂靜與冷清。	"財富:中性,快樂:負向,名譽:中性"	稀有	"0,-3,0"
月球探險	受邀參加基地的私人夜宴·第71條線索	在深夜迎來重大突破。你的付出得到了周遭的一致推崇，讓你在這條道路上更有信心，鋪設了極高的起點。	"財富:正向,快樂:中性,名譽:正向"	傳奇	"47,0,4"
月球探險	匿名校友的月壤基金饋贈·第72條線索	獲得了跨越世代的忘年交與高人指點。對方主動分享珍貴經驗，願意在關鍵時刻成為你的職涯引路人。	"財富:正向,快樂:正向,名譽:正向"	傳奇	"55,3,5"
月球探險	因對接技術破紀錄被引用·第73條線索	迎來了溫馨的小心意。周圍人自發送來感謝與卡片，證明你的堅守與付出真正溫暖並改變了他人的人生。	"財富:中性,快樂:正向,名譽:正向"	傳奇	"0,4,5"
月球探險	在舊市集淘到絕版月壤·第74條線索	在古老檔案或廢棄角落裡，意外發現了隱藏的秘密。這項發現有可能填補行業空白，甚至改寫部分歷史。	"財富:正向,快樂:正向,名譽:中性"	傳奇	"54,4,0"
月球探險	今天在穹頂艙區陷入冷場·第75條線索	在今天的重要公開場合上，台下的聽眾全程反應冷淡，你的提問完全無人回應，陷入了無盡的尷尬。	"財富:負向,快樂:負向,名譽:負向"	傳奇	"-41,-5,-4"
開礦	深夜的能源突破·第1條線索	在深夜迎來重大突破。你的付出得到了周遭的一致推崇，讓你在這條道路上更有信心，鋪設了極高的起點。	"財富:中性,快樂:中性,名譽:正向"	普通	"0,0,2"
開礦	跨越世代的坑道對談·第2條線索	獲得了跨越世代的忘年交與高人指點。對方主動分享珍貴經驗，願意在關鍵時刻成為你的職涯引路人。	"財富:中性,快樂:正向,名譽:中性"	普通	"0,1,0"
開礦	來自悍匪的溫馨謝意·第3條線索	迎來了溫馨的小心意。周圍人自發送來感謝與卡片，證明你的堅守與付出真正溫暖並改變了他人的人生。	"財富:中性,快樂:正向,名譽:中性"	普通	"0,1,0"
開礦	在地下溶洞的隱藏發現·第4條線索	在古老檔案或廢棄角落裡，意外發現了隱藏的秘密。這項發現有可能填補行業空白，甚至改寫部分歷史。	"財富:中性,快樂:正向,名譽:中性"	普通	"0,2,0"
開礦	關於礦脈的靈魂共鳴·第5條線索	發起的交流沙龍吸引了各界精英加入，一場思想的激烈碰撞與交鋒，讓所有人都有了相見恨晚的共?。	"財富:中性,快樂:中性,名譽:正向"	普通	"0,0,1"
開礦	核心礦脈獲頂級認證·第6條線索	核心成果終於被行業內最頂級的機構無條件接受，你打開通知的那一刻，多日來的疲憊全部煙消雲散。	"財富:正向,快樂:中性,名譽:中性"	普通	"29,0,0"
開礦	拿到海外能源資助·第7條線索	成功申請到了著名的海外交流或資助計畫，不僅能全額報銷差旅費，還能前往夢寐以求的聖地進修。	"財富:正向,快樂:中性,名譽:中性"	普通	"25,0,0"
開礦	公開爆破大會座無虛席·第8條線索	一場公開演說或產品發布會座無虛席，甚至連走廊都擠滿了慕名而來的聽眾，結束後全場起立掌聲雷動。	"財富:中性,快樂:中性,名譽:正向"	普通	"0,0,1"
開礦	成功破譯礦脈瓶頸·第9條線索	在連續不吃不睡的極限拼搏後，你終於成功解開了困擾眾人長達半個世紀的致命瓶頸，令人刮目相看。	"財富:中性,快樂:中性,名譽:正向"	普通	"0,0,1"
開礦	指導的悍匪斬獲大獎·第10條線索	你長年悉心指導的得意門生或團隊成員斬獲行業大獎，他們在領獎時透過鏡頭特別公開感謝你的啟蒙。	"財富:正向,快樂:中性,名譽:中性"	普通	"22,0,0"
開礦	受邀參加坑道的私人夜宴·第11條線索	在深夜迎來重大突破。你的付出得到了周遭的一致推崇，讓你在這條道路上更有信心，鋪設了極高的起點。	"財富:中性,快樂:中性,名譽:正向"	普通	"0,0,2"
開礦	匿名校友的礦脈基金饋贈·第12條線索	獲得了跨越世代的忘年交與高人指點。對方主動分享珍貴經驗，願意在關鍵時刻成為你的職涯引路人。	"財富:中性,快樂:正向,名譽:中性"	普通	"0,1,0"
開礦	因鑽探技術破紀錄被引用·第13條線索	迎來了溫馨的小心意。周圍人自發送來感謝與卡片，證明你的堅守與付出真正溫暖並改變了他人的人生。	"財富:中性,快樂:正向,名譽:中性"	普通	"0,2,0"
開礦	在舊市集淘到絕版礦脈·第14條線索	在古老檔案或廢棄角落裡，意外發現了隱藏的秘密。這項發現有可能填補行業空白，甚至改寫部分歷史。	"財富:中性,快樂:正向,名譽:中性"	普通	"0,2,0"
開礦	跨領域的爆破靈感碰撞·第15條線索	發起的交流沙龍吸引了各界精英加入，一場思想的激烈碰撞與交鋒，讓所有人都有了相見恨晚的共?。	"財富:中性,快樂:正向,名譽:中性"	普通	"0,2,0"
開礦	深夜的能源突破·第16條線索	核心成果終於被行業內最頂級的機構無條件接受，你打開通知的那一刻，多日來的疲憊全部煙消雲散。	"財富:中性,快樂:中性,名譽:正向"	普通	"0,0,1"
開礦	跨越世代的坑道對談·第17條線索	成功申請到了著名的海外交流或資助計畫，不僅能全額報銷差旅費，還能前往夢寐以求的聖地進修。	"財富:中性,快樂:中性,名譽:正向"	普通	"0,0,2"
開礦	來自悍匪的溫馨謝意·第18條線索	一場公開演說或產品發布會座無虛席，甚至連走廊都擠滿了慕名而來的聽眾，結束後全場起立掌聲雷動。	"財富:正向,快樂:中性,名譽:中性"	普通	"25,0,0"
開礦	在地下溶洞的隱藏發現·第19條線索	在連續不吃不睡的極限拼搏後，你終於成功解開了困擾眾人長達半個世紀的致命瓶頸，令人刮目相看。	"財富:正向,快樂:中性,名譽:中性"	普通	"27,0,0"
開礦	關於礦脈的靈魂共鳴·第20條線索	你長年悉心指導的得意門生或團隊成員斬獲行業大獎，他們在領獎時透過鏡頭特別公開感謝你的啟蒙。	"財富:中性,快樂:正向,名譽:中性"	普通	"0,2,0"
開礦	核心礦脈獲頂級認證·第21條線索	在深夜迎來重大突破。你的付出得到了周遭的一致推崇，讓你在這條道路上更有信心，鋪設了極高的起點。	"財富:中性,快樂:中性,名譽:正向"	普通	"0,0,1"
開礦	拿到海外能源資助·第22條線索	獲得了跨越世代的忘年交與高人指點。對方主動分享珍貴經驗，願意在關鍵時刻成為你的職涯引路人。	"財富:中性,快樂:正向,名譽:中性"	普通	"0,1,0"
開礦	公開爆破大會座無虛席·第23條線索	迎來了溫馨的小心意。周圍人自發送來感謝與卡片，證明你的堅守與付出真正溫暖並改變了他人的人生。	"財富:中性,快樂:中性,名譽:正向"	普通	"0,0,1"
開礦	成功破譯礦脈瓶頸·第24條線索	在古老檔案或廢棄角落裡，意外發現了隱藏的秘密。這項發現有可能填補行業空白，甚至改寫部分歷史。	"財富:中性,快樂:正向,名譽:中性"	普通	"0,2,0"
開礦	指導的悍匪斬獲大獎·第25條線索	發起的交流沙龍吸引了各界精英加入，一場思想的激烈碰撞與交鋒，讓所有人都有了相見恨晚的共?。	"財富:中性,快樂:中性,名譽:正向"	普通	"0,0,2"
開礦	受邀參加坑道的私人夜宴·第26條線索	核心成果終於被行業內最頂級的機構無條件接受，你打開通知的那一刻，多日來的疲憊全部煙消雲散。	"財富:正向,快樂:中性,名譽:中性"	普通	"17,0,0"
開礦	匿名校友的礦脈基金饋贈·第27條線索	成功申請到了著名的海外交流或資助計畫，不僅能全額報銷差旅費，還能前往夢寐以求的聖地進修。	"財富:中性,快樂:正向,名譽:中性"	普通	"0,2,0"
開礦	因鑽探技術破紀錄被引用·第28條線索	一場公開演說或產品發布會座無虛席，甚至連走廊都擠滿了慕名而來的聽眾，結束後全場起立掌聲雷動。	"財富:中性,快樂:中性,名譽:正向"	普通	"0,0,2"
開礦	在舊市集淘到絕版礦脈·第29條線索	在連續不吃不睡的極限拼搏後，你終於成功解開了困擾眾人長達半個世紀的致命瓶頸，令人刮目相看。	"財富:正向,快樂:中性,名譽:中性"	普通	"17,0,0"
開礦	跨領域的爆破靈感碰撞·第30條線索	你長年悉心指導的得意門生或團隊成員斬獲行業大獎，他們在領獎時透過鏡頭特別公開感謝你的啟蒙。	"財富:中性,快樂:中性,名譽:正向"	普通	"0,0,2"
開礦	深夜的能源突破·第31條線索	在深夜迎來重大突破。你的付出得到了周遭的一致推崇，讓你在這條道路上更有信心，鋪設了極高的起點。	"財富:中性,快樂:中性,名譽:正向"	普通	"0,0,2"
開礦	跨越世代的坑道對談·第32條線索	獲得了跨越世代的忘年交與高人指點。對方主動分享珍貴經驗，願意在關鍵時刻成為你的職涯引路人。	"財富:正向,快樂:中性,名譽:中性"	普通	"26,0,0"
開礦	來自悍匪的溫馨謝意·第33條線索	迎來了溫馨的小心意。周圍人自發送來感謝與卡片，證明你的堅守與付出真正溫暖並改變了他人的人生。	"財富:中性,快樂:正向,名譽:中性"	普通	"0,1,0"
開礦	在地下溶洞的隱藏發現·第34條線索	在古老檔案或廢棄角落裡，意外發現了隱藏的秘密。這項發現有可能填補行業空白，甚至改寫部分歷史。	"財富:正向,快樂:中性,名譽:中性"	普通	"25,0,0"
開礦	關於礦脈的靈魂共鳴·第35條線索	發起的交流沙龍吸引了各界精英加入，一場思想的激烈碰撞與交鋒，讓所有人都有了相見恨晚的共?。	"財富:中性,快樂:正向,名譽:中性"	普通	"0,1,0"
開礦	核心礦脈遭同行惡意剽竊·第36條線索	你赫然發現自己尚未公開的核心創意與成果，竟然出現在了同單位另一位資深前輩的新作與章節中。	"財富:負向,快樂:中性,名譽:中性"	普通	"-21,0,0"
開礦	資方無預警削減能源預算·第37條線索	由於校方或資方無預警削減相關預算，你的小組面臨經費斷絕、被迫解散核心助理與團隊的殘酷困境。	"財富:負向,快樂:中性,名譽:中性"	普通	"-23,0,0"
開礦	發言遭斷章取義引發風波·第38條線索	你在公開場合的某段私下發言被有心人斷章取義並上傳至網絡，引發了巨大的輿論風波與官方關切。	"財富:中性,快樂:負向,名譽:中性"	普通	"0,-2,0"
開礦	信任的悍匪私自帶走源碼·第39條線索	你長年信任的首席助理或合作夥伴在項目完成前夕，私自帶走了核心源碼與客戶資料跳槽到了競爭對手那裡。	"財富:中性,快樂:中性,名譽:負向"	普通	"0,0,-2"
開礦	因過度投入能源而忽略家庭·第40條線索	你因為過度專注於這條職業道路而嚴重忽略了家庭與身心健康，深夜回到家時，四周只有無盡的寂靜與冷清。	"財富:中性,快樂:中性,名譽:負向"	普通	"0,0,-1"
開礦	能源設備突發短路·第41條線索	由於突發的不可抗力設備短路，你苦心維護了半年的重要成果與觀測樣本在一夜之間全部失去活性。	"財富:中性,快樂:中性,名譽:負向"	普通	"0,0,-2"
開礦	關鍵晉升遭坑道惡意擱置·第42條線索	你提交的晉升或審評因背後的派系鬥爭遭到惡意擱置，相關機構寄來的延期信冷冰冰地躺在你的信箱裡。	"財富:中性,快樂:中性,名譽:負向"	普通	"0,0,-1"
開礦	在爆破時當眾得罪權威·第43條線索	在關鍵的研討會或談判桌上，你當眾指出了一位資深權威的嚴重數據錯誤，現場氣氛瞬間降到冰點。	"財富:負向,快樂:中性,名譽:中性"	普通	"-20,0,0"
開礦	精心撰寫的礦脈被駁回·第44條線索	你辛苦撰寫了數萬字的核心項目申請書，被資方委員會以缺乏可行性為由無情駁回，付出付諸東流。	"財富:負向,快樂:中性,名譽:中性"	普通	"-20,0,0"
開礦	今天在地下溶洞陷入冷場·第45條線索	在今天的重要公開場合上，台下的聽眾全程反應冷淡，你的提問完全無人回應，陷入了無盡的尷尬。	"財富:中性,快樂:中性,名譽:負向"	普通	"0,0,-1"
開礦	核心礦脈遭同行惡意剽竊·第46條線索	你赫然發現自己尚未公開的核心創意與成果，竟然出現在了同單位另一位資深前輩的新作與章節中。	"財富:負向,快樂:中性,名譽:中性"	普通	"-12,0,0"
開礦	資方無預警削減能源預算·第47條線索	由於校方或資方無預警削減相關預算，你的小組面臨經費斷絕、被迫解散核心助理與團隊的殘酷困境。	"財富:中性,快樂:負向,名譽:中性"	普通	"0,-2,0"
開礦	發言遭斷章取義引發風波·第48條線索	你在公開場合的某段私下發言被有心人斷章取義並上傳至網絡，引發了巨大的輿論風波與官方關切。	"財富:中性,快樂:負向,名譽:中性"	普通	"0,-1,0"
開礦	信任的悍匪私自帶走源碼·第49條線索	你長年信任的首席助理或合作夥伴在項目完成前夕，私自帶走了核心源碼與客戶資料跳槽到了競爭對手那裡。	"財富:中性,快樂:中性,名譽:負向"	普通	"0,0,-1"
開礦	因過度投入能源而忽略家庭·第50條線索	你因為過度專注於這條職業道路而嚴重忽略了家庭與身心健康，深夜回到家時，四周只有無盡的寂靜與冷清。	"財富:負向,快樂:中性,名譽:中性"	普通	"-18,0,0"
開礦	核心礦脈獲頂級認證·第51條線索	在深夜迎來重大突破。你的付出得到了周遭的一致推崇，讓你在這條道路上更有信心，鋪設了極高的起點。	"財富:正向,快樂:正向,名譽:中性"	稀有	"41,3,0"
開礦	拿到海外能源資助·第52條線索	獲得了跨越世代的忘年交與高人指點。對方主動分享珍貴經驗，願意在關鍵時刻成為你的職涯引路人。	"財富:中性,快樂:正向,名譽:正向"	稀有	"0,3,2"
開礦	公開爆破大會座無虛席·第53條線索	迎來了溫馨的小心意。周圍人自發送來感謝與卡片，證明你的堅守與付出真正溫暖並改變了他人的人生。	"財富:中性,快樂:中性,名譽:正向"	稀有	"0,0,2"
開礦	成功破譯礦脈瓶頸·第54條線索	在古老檔案或廢棄角落裡，意外發現了隱藏的秘密。這項發現有可能填補行業空白，甚至改寫部分歷史。	"財富:正向,快樂:正向,名譽:中性"	稀有	"41,2,0"
開礦	指導的悍匪斬獲大獎·第55條線索	發起的交流沙龍吸引了各界精英加入，一場思想的激烈碰撞與交鋒，讓所有人都有了相見恨晚的共?。	"財富:中性,快樂:正向,名譽:中性"	稀有	"0,2,0"
開礦	受邀參加坑道的私人夜宴·第56條線索	核心成果終於被行業內最頂級的機構無條件接受，你打開通知的那一刻，多日來的疲憊全部煙消雲散。	"財富:中性,快樂:正向,名譽:中性"	稀有	"0,3,0"
開礦	匿名校友的礦脈基金饋贈·第57條線索	成功申請到了著名的海外交流或資助計畫，不僅能全額報銷差旅費，還能前往夢寐以求的聖地進修。	"財富:中性,快樂:正向,名譽:中性"	稀有	"0,2,0"
開礦	因鑽探技術破紀錄被引用·第58條線索	一場公開演說或產品發布會座無虛席，甚至連走廊都擠滿了慕名而來的聽眾，結束後全場起立掌聲雷動。	"財富:中性,快樂:正向,名譽:中性"	稀有	"0,3,0"
開礦	在舊市集淘到絕版礦脈·第59條線索	在連續不吃不睡的極限拼搏後，你終於成功解開了困擾眾人長達半個世紀的致命瓶頸，令人刮目相看。	"財富:中性,快樂:正向,名譽:中性"	稀有	"0,2,0"
開礦	跨領域的爆破靈感碰撞·第60條線索	你長年悉心指導的得意門生或團隊成員斬獲行業大獎，他們在領獎時透過鏡頭特別公開感謝你的啟蒙。	"財富:中性,快樂:正向,名譽:正向"	稀有	"0,2,3"
開礦	深夜的能源突破·第61條線索	在深夜迎來重大突破。你的付出得到了周遭的一致推崇，讓你在這條道路上更有信心，鋪設了極高的起點。	"財富:中性,快樂:正向,名譽:中性"	稀有	"0,2,0"
開礦	跨越世代的坑道對談·第62條線索	獲得了跨越世代的忘年交與高人指點。對方主動分享珍貴經驗，願意在關鍵時刻成為你的職涯引路人。	"財富:中性,快樂:正向,名譽:中性"	稀有	"0,2,0"
開礦	來自悍匪的溫馨謝意·第63條線索	迎來了溫馨的小心意。周圍人自發送來感謝與卡片，證明你的堅守與付出真正溫暖並改變了他人的人生。	"財富:正向,快樂:中性,名譽:正向"	稀有	"31,0,3"
開礦	在地下溶洞的隱藏發現·第64條線索	在古老檔案或廢棄角落裡，意外發現了隱藏的秘密。這項發現有可能填補行業空白，甚至改寫部分歷史。	"財富:正向,快樂:中性,名譽:正向"	稀有	"45,0,3"
開礦	今天在地下溶洞陷入冷場·第65條線索	在今天的重要公開場合上，台下的聽眾全程反應冷淡，你的提問完全無人回應，陷入了無盡的尷尬。	"財富:負向,快樂:中性,名譽:中性"	稀有	"-35,0,0"
開礦	核心礦脈遭同行惡意剽竊·第66條線索	你赫然發現自己尚未公開的核心創意與成果，竟然出現在了同單位另一位資深前輩的新作與章節中。	"財富:負向,快樂:中性,名譽:負向"	稀有	"-22,0,-3"
開礦	資方無預警削減能源預算·第67條線索	由於校方或資方無預警削減相關預算，你的小組面臨經費斷絕、被迫解散核心助理與團隊的殘酷困境。	"財富:負向,快樂:負向,名譽:中性"	稀有	"-32,-3,0"
開礦	發言遭斷章取義引發風波·第68條線索	你在公開場合的某段私下發言被有心人斷章取義並上傳至網絡，引發了巨大的輿論風波與官方關切。	"財富:中性,快樂:負向,名譽:中性"	稀有	"0,-2,0"
開礦	信任的悍匪私自帶走源碼·第69條線索	你長年信任的首席助理或合作夥伴在項目完成前夕，私自帶走了核心源碼與客戶資料跳槽到了競爭對手那裡。	"財富:負向,快樂:中性,名譽:中性"	稀有	"-20,0,0"
開礦	因過度投入能源而忽略家庭·第70條線索	你因為過度專注於這條職業道路而嚴重忽略了家庭與身心健康，深夜回到家時，四周只有無盡的寂靜與冷清。	"財富:中性,快樂:中性,名譽:負向"	稀有	"0,0,-3"
開礦	受邀參加坑道的私人夜宴·第71條線索	在深夜迎來重大突破。你的付出得到了周遭的一致推崇，讓你在這條道路上更有信心，鋪設了極高的起點。	"財富:中性,快樂:正向,名譽:正向"	傳奇	"0,3,5"
開礦	匿名校友的礦脈基金饋贈·第72條線索	獲得了跨越世代的忘年交與高人指點。對方主動分享珍貴經驗，願意在關鍵時刻成為你的職涯引路人。	"財富:中性,快樂:正向,名譽:正向"	傳奇	"0,3,4"
開礦	因鑽探技術破紀錄被引用·第73條線索	迎來了溫馨的小心意。周圍人自發送來感謝與卡片，證明你的堅守與付出真正溫暖並改變了他人的人生。	"財富:正向,快樂:正向,名譽:正向"	傳奇	"60,3,5"
開礦	在舊市集淘到絕版礦脈·第74條線索	在古老檔案或廢棄角落裡，意外發現了隱藏的秘密。這項發現有可能填補行業空白，甚至改寫部分歷史。	"財富:正向,快樂:正向,名譽:正向"	傳奇	"47,4,4"
開礦	今天在地下溶洞陷入冷場·第75條線索	在今天的重要公開場合上，台下的聽眾全程反應冷淡，你的提問完全無人回應，陷入了無盡的尷尬。	"財富:中性,快樂:負向,名譽:負向"	傳奇	"0,-5,-4"
